Track,Artist,Album,Year,Duration,Time_Signature,Danceability,Energy,Key,Loudness,Mode,Speechiness,Acousticness,Instrumentalness,Liveness,Valence,Tempo,Popularity
7 rings,Ariana Grande,"thank u, next",2019,178626,4,0.78,0.321,1,-10.747,0,0.372,0.562,0,0.0881,0.315,139.961,50
Break Free,Ariana Grande,My Everything - Deluxe,2014,214840,4,0.686,0.702,7,-5.325,0,0.0455,0.00637,0.0000446,0.204,0.29,129.948,76
Dangerous Woman,Ariana Grande,Dangerous Woman,2016,235946,3,0.664,0.602,4,-5.369,0,0.0412,0.0529,0,0.356,0.289,134.049,70
God is a woman,Ariana Grande,Sweetener,2018,197546,4,0.602,0.658,1,-5.934,1,0.0558,0.0233,0.00006,0.237,0.268,145.031,75
Into You,Ariana Grande,Dangerous Woman,2016,244453,4,0.623,0.734,9,-5.948,1,0.107,0.0162,0.00000175,0.145,0.37,107.853,71
no tears left to cry,Ariana Grande,Sweetener,2018,205920,4,0.699,0.713,9,-5.507,0,0.0594,0.04,0.00000311,0.294,0.354,121.993,75
One Last Time,Ariana Grande,My Everything - Deluxe,2014,197266,4,0.628,0.593,8,-5.036,1,0.0323,0.093,0.00000165,0.096,0.104,125.025,82
positions,Ariana Grande,Positions,2020,172324,4,0.737,0.802,0,-4.771,1,0.0878,0.468,0,0.0931,0.682,144.015,79
Side To Side,Ariana Grande,Dangerous Woman,2017,226160,4,0.649,0.736,6,-5.84,0,0.23,0.0528,0,0.235,0.612,159.182,66
"thank u, next",Ariana Grande,"thank u, next",2019,207320,4,0.72,0.654,1,-5.634,1,0.0647,0.227,0,0.101,0.411,106.976,78
Callaita,Bad Bunny,Un Verano Sin Ti,2019,250533,4,0.608,0.626,2,-4.773,1,0.301,0.597,0.00000216,0.25,0.246,176.086,76
DÁKITI,Bad Bunny,EL ÚLTIMO TOUR DEL MUNDO,2020,205090,4,0.731,0.573,4,-10.059,0,0.0544,0.401,0.0000522,0.113,0.145,109.928,77
MIA,Bad Bunny,X 100PRE,2018,210367,4,0.816,0.538,6,-6.354,0,0.0617,0.0142,0.000485,0.099,0.156,97.055,75
Safaera,Bad Bunny,YHLQMDLG,2020,295176,4,0.607,0.829,2,-4.074,1,0.379,0.0103,0,0.107,0.685,96.172,74
Vete,Bad Bunny,Vete,2019,192024,4,0.886,0.672,1,-4.394,1,0.188,0.0363,0.00000878,0.101,0.526,91.976,69
Yo Perreo Sola,Bad Bunny,YHLQMDLG,2020,172127,4,0.86,0.758,11,-5.16,1,0.0695,0.021,0.0000654,0.344,0.453,97.014,71
Fall In Love,Bailey Zimmerman,Religiously. The Album.,2023,232058,4,0.524,0.643,9,-6.055,1,0.0297,0.451,0,0.221,0.397,135.962,75
Get to Gettin’ Gone,Bailey Zimmerman,Religiously. The Album.,2022,182465,4,0.584,0.68,6,-6.781,1,0.0351,0.285,0,0.0901,0.55,146.093,64
Religiously,Bailey Zimmerman,Religiously. The Album.,2023,178723,4,0.57,0.67,1,-6.519,1,0.0274,0.426,0,0.108,0.593,140.924,77
Rock and A Hard Place,Bailey Zimmerman,Religiously. The Album.,2022,207540,3,0.582,0.568,1,-7.3,1,0.0275,0.577,0,0.105,0.394,121.991,79
Small Town Crazy,Bailey Zimmerman,Small Town Crazy,2023,162352,4,0.502,0.877,7,-2.847,1,0.0746,0.0129,0,0.244,0.696,170.123,55
Trainwreck,Bailey Zimmerman,Leave The Light On,2022,210869,4,0.509,0.803,7,-5.543,1,0.0272,0.0772,0,0.133,0.373,138.022,53
Where It Ends,Bailey Zimmerman,Religiously. The Album.,2023,179294,4,0.431,0.837,9,-5.067,1,0.0432,0.259,0,0.0879,0.648,170.041,80
I'm a Mess,Bebe Rexha,Expectations,2018,195519,4,0.63,0.694,11,-6.257,0,0.0253,0.00281,0,0.0719,0.216,97.005,70
Meant to Be (feat. Florida Georgia Line),Bebe Rexha,All Your Fault: Pt. 2,2017,163870,4,0.643,0.783,10,-6.458,1,0.0856,0.047,0,0.083,0.579,154.084,71
No Broken Hearts (feat. Nicki Minaj),Bebe Rexha,No Broken Hearts (feat. Nicki Minaj),2017,239991,4,0.704,0.722,0,-3.524,1,0.045,0.0522,0,0.0645,0.675,122.094,53
Sacrifice,Bebe Rexha,Sacrifice,2022,160871,4,0.659,0.877,11,-5.089,0,0.0288,0.0878,0,0.094,0.471,119.992,51
The Way I Are (Dance with Somebody) [feat. Lil Wayne],Bebe Rexha,All Your Fault: Pt. 2,2018,187787,4,0.466,0.659,2,-6.077,1,0.115,0.00282,0,0.273,0.36,186.169,52
"You Can't Stop The Girl (From Disney's ""Maleficent: Mistress of Evil"")",Bebe Rexha,"You Can't Stop The Girl (From Disney's ""Maleficent: Mistress of Evil"")",2019,158258,4,0.394,0.718,7,-6.336,1,0.0607,0.706,0,0.116,0.247,151.912,54
Crazy In Love (feat. Jay-Z),Beyoncé,Dangerously In Love,2003,236133,4,0.646,0.77,2,-6.596,0,0.226,0.00249,0,0.0715,0.681,99.165,79
Drunk in Love (feat. Jay-Z),Beyoncé,BEYONCÉ [Platinum Edition],2013,323480,4,0.583,0.621,5,-6.902,0,0.0479,0.00972,0.00106,0.181,0.399,140.036,71
Formation,Beyoncé,Lemonade,2016,206080,4,0.896,0.621,5,-6.857,0,0.237,0.00532,0,0.196,0.818,121.966,68
Halo,Beyoncé,I AM...SASHA FIERCE,2008,261640,4,0.508,0.72,11,-5.908,0,0.0628,0.272,0,0.0563,0.472,79.983,72
If I Were a Boy,Beyoncé,I AM...SASHA FIERCE,2008,249146,4,0.632,0.518,6,-6.126,1,0.0313,0.107,0,0.354,0.427,90.007,64
Irreplaceable,Beyoncé,B'Day Deluxe Edition,2006,227853,4,0.447,0.694,7,-4.637,0,0.382,0.0293,0.00000546,0.167,0.509,175.868,69
Love On Top,Beyoncé,4,2011,267413,4,0.652,0.749,0,-5.248,1,0.0886,0.0848,0,0.604,0.651,94.103,73
Partition,Beyoncé,BEYONCÉ [Platinum Edition],2013,319466,4,0.418,0.441,11,-11.522,0,0.283,0.029,0.0707,0.306,0.172,175.928,69
Run the World (Girls),Beyoncé,4,2011,236093,4,0.732,0.899,0,-4.237,1,0.143,0.00496,0.0000464,0.372,0.759,127.091,70
Single Ladies (Put a Ring on It),Beyoncé,I AM...SASHA FIERCE,2008,193213,4,0.426,0.584,1,-5.293,1,0.296,0.0383,0,0.188,0.272,193.437,66
bad guy,Billie Eilish,"WHEN WE ALL FALL ASLEEP, WHERE DO WE GO?",2019,194087,4,0.701,0.425,7,-10.965,1,0.375,0.328,0.13,0.1,0.562,135.128,81
bury a friend,Billie Eilish,"WHEN WE ALL FALL ASLEEP, WHERE DO WE GO?",2019,193143,4,0.905,0.389,8,-14.505,1,0.332,0.74,0.162,0.106,0.196,120.046,73
everything i wanted,Billie Eilish,everything i wanted,2019,245425,4,0.704,0.225,6,-14.454,0,0.0994,0.902,0.657,0.106,0.243,120.006,82
idontwannabeyouanymore,Billie Eilish,dont smile at me,2017,203569,3,0.483,0.412,7,-8.461,1,0.0402,0.737,0,0.116,0.247,170.163,77
lovely (with Khalid),Billie Eilish,lovely (with Khalid),2018,200185,4,0.351,0.296,4,-10.109,0,0.0333,0.934,0,0.095,0.12,115.284,87
my future,Billie Eilish,my future,2020,208155,4,0.444,0.309,8,-10.956,1,0.062,0.795,0.132,0.352,0.0875,104.745,67
Therefore I Am,Billie Eilish,Happier Than Ever,2020,173539,4,0.879,0.365,2,-7.781,1,0.0924,0.227,0.135,0.0583,0.663,94.016,72
when the party's over,Billie Eilish,"WHEN WE ALL FALL ASLEEP, WHERE DO WE GO?",2018,196077,4,0.367,0.111,4,-14.084,1,0.0972,0.978,0.0000397,0.0897,0.198,82.642,83
Your Power,Billie Eilish,Happier Than Ever,2021,245896,4,0.632,0.284,9,-14.025,0,0.0801,0.932,0.000476,0.233,0.208,129.642,72
Bartier Cardi (feat. 21 Savage),Cardi B,Invasion of Privacy,2017,224284,4,0.908,0.524,1,-7.955,1,0.181,0.00111,0.000678,0.383,0.109,138.015,60
Be Careful,Cardi B,Invasion of Privacy,2018,210787,4,0.82,0.568,6,-8.23,0,0.411,0.0256,0,0.0952,0.535,152.279,67
Bodak Yellow,Cardi B,Invasion of Privacy,2017,223712,4,0.926,0.703,11,-6.337,0,0.103,0.0659,0,0.231,0.485,125.022,70
Drip (feat. Migos),Cardi B,Invasion of Privacy,2018,262308,4,0.968,0.589,11,-7.808,1,0.255,0.0511,0,0.0731,0.268,129.993,54
I Like It,Cardi B,Invasion of Privacy,2018,253390,4,0.816,0.726,5,-3.998,0,0.129,0.099,0,0.372,0.65,136.048,77
Money,Cardi B,Money,2018,183527,4,0.95,0.59,8,-6.508,0,0.29,0.00534,0,0.11,0.219,130.003,69
Please Me,Cardi B,Please Me,2019,200889,4,0.747,0.57,1,-6.711,1,0.081,0.0642,0,0.0832,0.65,133.992,75
Press,Cardi B,Press,2020,143791,4,0.888,0.525,1,-5.665,1,0.305,0.029,0.00000568,0.137,0.243,133.983,61
Up,Cardi B,Up,2021,156944,4,0.868,0.795,11,-6.044,1,0.269,0.0012,0.0193,0.0461,0.819,166,65
WAP (feat. Megan Thee Stallion),Cardi B,WAP (feat. Megan Thee Stallion),2020,187541,4,0.935,0.454,1,-7.509,1,0.375,0.0194,0,0.0824,0.357,133.073,77
Fine China,Chris Brown,X (Expanded Edition),2019,213200,4,0.654,0.731,10,-4.767,0,0.0568,0.0419,0,0.122,0.59,104.002,61
Forever,Chris Brown,Forever,2019,278573,4,0.672,0.82,11,-4.456,1,0.0459,0.0368,0.000188,0.184,0.438,120.005,76
Kiss Kiss (feat. T-Pain),Chris Brown,Exclusive (Expanded Edition),2008,250666,3,0.729,0.658,10,-3.386,0,0.225,0.0506,0,0.0693,0.551,140.043,74
Loyal (feat. Lil Wayne & Tyga),Chris Brown,X (Expanded Edition),2018,264946,4,0.841,0.522,10,-5.963,0,0.049,0.0168,0.00000137,0.188,0.616,99.059,74
No Guidance (feat. Drake),Chris Brown,Indigo,2019,260640,4,0.696,0.454,1,-6.756,0,0.153,0.123,0,0.155,0.136,92.928,76
Run It! (feat. Juelz Santana),Chris Brown,Chris Brown (Expanded Edition),2005,229866,4,0.846,0.482,1,-6.721,0,0.129,0.0246,0,0.393,0.212,100.969,73
Strip (feat. Kevin McCall),Chris Brown,Fortune (Expanded Edition),2018,167813,4,0.803,0.79,1,-4.353,1,0.125,0.00863,0,0.0441,0.712,94.982,57
With You,Chris Brown,Exclusive (Expanded Edition),2007,252120,4,0.662,0.693,3,-4.298,1,0.0698,0.134,0,0.145,0.655,86.009,75
Yeah 3x,Chris Brown,F.A.M.E. (Expanded Edition),2010,241666,4,0.705,0.882,11,-3.201,0,0.0445,0.000369,0.00000116,0.0934,0.7,130,67
Almost There,Coco Jones,Almost There,2023,238070,4,0.57,0.512,0,-6.725,1,0.0518,0.0715,0.0000842,0.1,0.295,82.568,49
Beautiful Interlude,Coco Jones,SuperSoulSista (Limited Edition),2023,37306,4,0.66,0.334,4,-12.621,1,0.879,0.452,0,0.335,0.418,88.774,0
Double Back,Coco Jones,What I Didn’t Tell You (Deluxe),2023,159244,4,0.669,0.55,4,-5.352,0,0.108,0.203,0,0.127,0.133,79.99,55
Here We Go (Uh Oh),Coco Jones,Here We Go (Uh Oh),2023,216507,3,0.401,0.749,3,-2.341,0,0.17,0.322,0.000161,0.117,0.474,177.165,65
ICU,Coco Jones,What I Didn’t Tell You (Deluxe),2022,241624,3,0.587,0.447,8,-6.765,1,0.0641,0.698,0,0.113,0.315,124.669,65
Sweep It Up,Coco Jones,Sweep It Up,2023,197958,4,0.508,0.689,1,-3.265,0,0.0764,0.137,0,0.18,0.528,79.907,51
Dirt Cheap,Cody Johnson,Leather,2022,239346,4,0.62,0.507,1,-5.891,1,0.0307,0.111,0,0.101,0.266,120.065,74
Human,Cody Johnson,Human The Double Album,2021,221520,4,0.4,0.647,2,-7.279,1,0.0337,0.176,0.0000579,0.11,0.274,84.08,67
Long Haired Country Boy (feat. The Rockin' CJB),Cody Johnson,Ain't Nothin' to It,2023,257079,4,0.539,0.786,6,-4.884,1,0.0269,0.00228,0.0000179,0.121,0.503,88.969,53
Me and My Kind,Cody Johnson,Cowboy Like Me,2016,156200,4,0.588,0.807,2,-3.426,1,0.0283,0.0835,0,0.109,0.674,110.014,75
Monday Morning Merle,Cody Johnson,Ain't Nothin' to It,2023,229120,4,0.596,0.58,2,-6.318,1,0.0229,0.257,0.000102,0.196,0.409,93.979,50
Nothin' on You,Cody Johnson,Ain't Nothin' to It,2018,260466,3,0.358,0.358,6,-7.18,1,0.0307,0.566,0.000232,0.104,0.158,134.629,63
On My Way to You,Cody Johnson,Ain't Nothin' to It,2019,213306,4,0.443,0.538,1,-5.477,1,0.0309,0.327,0.0000461,0.0866,0.245,157.97,63
The Painter,Cody Johnson,The Painter,2022,211413,4,0.512,0.709,2,-5.766,1,0.0329,0.0415,0.00000425,0.107,0.261,97.981,69
Til You Can't,Cody Johnson,Human The Double Album,2021,224213,4,0.501,0.815,1,-4.865,1,0.0436,0.0513,0,0.106,0.46,160.087,73
BIG PURR (Prrdd) (feat. Pooh Shiesty),Coi Leray,BIG PURR (Prrdd),2021,116760,4,0.774,0.412,1,-8.619,1,0.378,0.026,0,0.088,0.38,139.943,46
Blick Blick (with Nicki Minaj),Coi Leray,Blick Blick,2022,178413,4,0.916,0.824,8,-4.444,0,0.422,0.222,0.00108,0.0661,0.87,139.926,51
No More Parties,Coi Leray,No More Parties,2021,140920,4,0.847,0.405,11,-10.901,1,0.584,0.232,0.00000537,0.0944,0.588,156.999,46
Players,Coi Leray,Players,2022,139560,4,0.948,0.512,6,-5.74,0,0.146,0.0269,0.00000857,0.0504,0.599,105.004,71
TWINNEM,Coi Leray,TWINNEM,2021,117066,4,0.885,0.353,2,-10.484,1,0.0912,0.0866,0.0000578,0.173,0.316,134.079,47
Break Up in the End,Cole Swindell,All of It,2018,199693,4,0.507,0.372,1,-8.433,1,0.0303,0.481,0,0.271,0.257,86.422,61
Chillin' It,Cole Swindell,Cole Swindell,2013,196746,4,0.576,0.849,9,-3.057,1,0.0386,0.511,0.0000389,0.109,0.666,137.982,64
Forever To Me,Cole Swindell,Forever To Me,2019,179666,4,0.56,0.555,10,-7.612,1,0.0318,0.166,0,0.0837,0.328,153.986,60
I'm Gonna Let Her,Cole Swindell,I'm Gonna Let Her,2018,176666,4,0.412,0.586,7,-4.572,1,0.0318,0.292,0.00000366,0.128,0.3,79.234,29
Love You Too Late,Cole Swindell,All of It,2019,204720,4,0.542,0.797,9,-4.45,0,0.0379,0.00111,0,0.0906,0.593,113.95,54
She Had Me At Heads Carolina,Cole Swindell,Stereotype,2022,206106,4,0.607,0.912,8,-3.449,1,0.0611,0.124,0,0.332,0.722,134.944,74
Somebody's Been Drinkin',Cole Swindell,All of It,2021,225266,4,0.481,0.775,0,-5.494,1,0.0597,0.0169,0.0000139,0.0978,0.273,136.035,39
Stay Downtown,Cole Swindell,You Should Be Here,2021,201866,4,0.336,0.758,5,-4.187,1,0.0451,0.00275,0,0.189,0.236,77.807,42
You Should Be Here,Cole Swindell,You Should Be Here,2016,190173,4,0.489,0.641,7,-4.455,1,0.0282,0.0592,0,0.0857,0.303,136.095,61
Never Ready,Corey Kent,Never Ready,2022,281306,4,0.478,0.653,8,-7.058,1,0.0312,0.0819,0,0.106,0.348,152.005,56
Now or Never (feat. Lauren Alaina),Corey Kent,Now or Never (feat. Lauren Alaina),2022,174946,4,0.478,0.768,7,-4.784,1,0.0342,0.102,0,0.101,0.465,110.046,55
Rust,Corey Kent,Rust,2022,169720,4,0.469,0.813,1,-4.875,0,0.0422,0.00714,0,0.131,0.406,120.894,59
Something's Gonna Kill Me,Corey Kent,Blacktop,2022,183680,4,0.659,0.823,4,-5.77,0,0.0415,0.0174,0.00000182,0.11,0.405,112.931,65
This Heart,Corey Kent,This Heart,2022,186973,4,0.406,0.843,10,-5.124,0,0.0526,0.0889,0,0.158,0.271,150.054,68
Wild as Her,Corey Kent,Wild as Her,2023,199733,4,0.504,0.736,0,-6.079,1,0.0352,0.00216,0,0.129,0.46,148.014,61
Here With Me,d4vd,Petals to Thorns,2022,242484,4,0.575,0.45,4,-9.306,1,0.0259,0.531,0.0000659,0.124,0.263,132.039,84
Once More,d4vd,The Lost Petals,2022,121695,4,0.672,0.253,9,-12.71,0,0.0395,0.864,0,0.0787,0.409,76.481,60
Romantic Homicide,d4vd,Romantic Homicide,2022,132630,4,0.571,0.544,6,-10.613,1,0.0299,0.453,0.00805,0.322,0.216,132.052,86
Sleep Well,d4vd,Petals to Thorns,2023,175875,3,0.37,0.358,8,-10.633,1,0.0317,0.799,0.00000708,0.142,0.186,147.581,74
There Goes My Baby,d4vd,There Goes My Baby,2023,210666,3,0.531,0.307,1,-8.92,1,0.0316,0.852,0.00000825,0.157,0.25,118.652,69
"Hey Mama (feat. Nicki Minaj, Bebe Rexha & Afrojack)",David Guetta,Listen (Deluxe),2015,192560,4,0.596,0.73,9,-4.091,1,0.151,0.24,0,0.325,0.525,85.979,62
Love Is Gone - Fred Riester & Joachim Garraud Radio Edit Remix,David Guetta,Pop Life,2008,199386,4,0.773,0.813,4,-4.609,0,0.0797,0.0331,0.0000377,0.192,0.707,127.93,62
Memories (feat. Kid Cudi),David Guetta,One Love (Deluxe),2009,210093,4,0.561,0.87,8,-6.103,1,0.343,0.0015,0.00000282,0.246,0.498,129.98,67
Play Hard (feat. Ne-Yo & Akon),David Guetta,Nothing but the Beat 2.0,2012,201000,4,0.691,0.921,8,-1.702,0,0.0535,0.174,0,0.331,0.802,130.072,62
She Wolf (Falling to Pieces) [feat. Sia],David Guetta,Nothing but the Beat 2.0,2012,222500,4,0.491,0.857,7,-2.634,1,0.0656,0.0834,0.00000757,0.344,0.395,129.971,49
Titanium (feat. Sia),David Guetta,Nothing but the Beat,2011,245040,4,0.604,0.788,0,-3.673,0,0.103,0.0678,0.153,0.127,0.301,126.06,56
Turn Me On (feat. Nicki Minaj),David Guetta,Nothing but the Beat 2.0,2011,199680,4,0.705,0.794,8,-2.266,1,0.0593,0.0488,0,0.575,0.412,127.961,60
When Love Takes Over (feat. Kelly Rowland),David Guetta,One Love (Deluxe),2009,191000,4,0.675,0.862,11,-4.614,1,0.0253,0.0165,0.000427,0.169,0.498,129.967,58
Without You (feat. Usher),David Guetta,Nothing but the Beat 2.0,2011,208133,4,0.608,0.614,2,-3.727,1,0.0285,0.227,0.00000382,0.157,0.402,127.885,64
Burn,David Kushner,Footprints I Found,2023,179173,4,0.574,0.408,0,-9.733,1,0.0359,0.799,0.00295,0.15,0.134,126.127,70
Daylight,David Kushner,Daylight,2023,212953,4,0.508,0.43,2,-9.475,0,0.0335,0.83,0.000441,0.093,0.324,130.09,87
Hero,David Kushner,Hero,2023,206218,1,0.4,0.335,1,-8.355,1,0.0389,0.673,0,0.0856,0.208,99.378,66
Mr. Forgettable,David Kushner,Footprints I Found,2023,187293,4,0.564,0.412,8,-9.23,0,0.0274,0.554,0,0.151,0.29,144.689,71
Skin and Bones,David Kushner,Skin and Bones,2023,214632,4,0.484,0.457,10,-10.205,1,0.0376,0.649,0.477,0.148,0.17,116.9,72
Alter Ego (with JT),Doechii,Alter Ego (with JT),2023,204094,4,0.841,0.725,11,-5.314,0,0.0624,0.00821,0.00000215,0.519,0.731,127.047,66
Crazy,Doechii,Crazy,2023,134116,4,0.841,0.879,1,-4.336,1,0.0743,0.0055,0.00211,0.101,0.458,128.966,51
Persuasive,Doechii,Persuasive,2023,216707,4,0.822,0.627,7,-5.826,0,0.126,0.143,0,0.146,0.5,120.057,51
ROCKET,Doechii,ROCKET,2023,166315,4,0.622,0.78,1,-6.441,1,0.341,0.0702,0.00233,0.331,0.755,113.184,59
What It Is (Solo Version),Doechii,What It Is (Versions),2023,189824,4,0.74,0.758,1,-5.851,0,0.0921,0.061,0.00000144,0.0967,0.757,171.925,73
Yucky Blucky Fruitcake,Doechii,Oh The Places You’ll Go,2023,275526,4,0.596,0.617,9,-7.52,1,0.286,0.481,0,0.659,0.906,98.099,53
Boss Bitch,Doja Cat,Boss Bitch,2021,134239,4,0.707,0.955,10,-4.593,0,0.222,0.127,0,0.202,0.575,125.989,76
Juicy,Doja Cat,Hot Pink,2019,203093,4,0.785,0.652,0,-2.607,1,0.0668,0.102,0,0.0697,0.484,170.024,67
Kiss Me More (feat. SZA),Doja Cat,Planet Her,2021,208666,4,0.764,0.705,8,-3.463,1,0.0284,0.259,0.0000892,0.12,0.781,110.97,81
Paint The Town Red,Doja Cat,Paint The Town Red,2023,231750,4,0.868,0.538,5,-8.603,1,0.174,0.269,0.00000334,0.0901,0.732,99.968,81
Rules,Doja Cat,Hot Pink,2019,187040,4,0.651,0.724,7,-5.457,1,0.166,0.172,0,0.13,0.686,144.146,72
Say So,Doja Cat,Hot Pink,2020,237893,4,0.787,0.673,11,-4.583,0,0.159,0.264,0.00000335,0.0904,0.779,110.962,75
Streets,Doja Cat,Hot Pink,2020,226986,4,0.749,0.463,11,-8.433,1,0.0842,0.21,0.0382,0.338,0.189,90.035,80
Vegas,Doja Cat,ELVIS (Original Motion Picture Soundtrack),2022,183026,4,0.789,0.604,8,-7.616,0,0.25,0.0768,0.0000489,0.137,0.765,159.979,56
Woman,Doja Cat,Planet Her,2021,172626,4,0.824,0.764,5,-4.175,0,0.0854,0.0888,0.00294,0.117,0.881,107.998,82
You Right,Doja Cat,Planet Her,2021,186173,4,0.828,0.621,8,-6.414,1,0.0565,0.0164,0.00233,0.0845,0.436,128.986,76
Be the One,Dua Lipa,Be the One,2017,202914,4,0.661,0.651,7,-3.771,0,0.0499,0.117,0.0000132,0.056,0.368,87.46,67
Break My Heart,Dua Lipa,Future Nostalgia,2020,221820,4,0.73,0.729,4,-3.434,0,0.0884,0.167,0.00000139,0.349,0.467,113.011,75
Don't Start Now,Dua Lipa,Future Nostalgia,2019,183290,4,0.793,0.793,11,-4.521,0,0.083,0.0123,0,0.0951,0.679,123.95,84
IDGAF,Dua Lipa,Dua Lipa (Deluxe),2018,217946,4,0.836,0.544,7,-5.975,1,0.0943,0.0403,0,0.0824,0.51,97.028,79
Levitating,Dua Lipa,Future Nostalgia,2020,203807,4,0.695,0.884,6,-2.278,0,0.0753,0.0561,0,0.213,0.914,103.014,77
Love Again,Dua Lipa,Future Nostalgia,2021,258004,4,0.659,0.667,11,-4.668,0,0.0339,0.00173,0.0000285,0.1,0.468,115.982,72
New Rules,Dua Lipa,Dua Lipa (Deluxe),2017,209320,4,0.762,0.7,9,-6.021,0,0.0694,0.00261,0.0000156,0.153,0.608,116.073,82
Physical,Dua Lipa,Future Nostalgia,2020,193829,4,0.647,0.844,0,-3.756,1,0.0457,0.0137,0.000658,0.102,0.746,146.967,78
We're Good,Dua Lipa,Future Nostalgia (The Moonlight Edition),2021,165506,4,0.722,0.588,6,-5.932,1,0.0544,0.0319,0,0.183,0.59,134.01,68
Bad Habits,Ed Sheeran,=,2021,230746,4,0.807,0.893,11,-3.745,0,0.0347,0.0451,0.0000279,0.366,0.537,126.011,80
Castle on the Hill,Ed Sheeran,÷ (Deluxe),2017,261153,4,0.461,0.834,2,-4.868,1,0.0989,0.0232,0.0000114,0.14,0.471,135.007,78
Galway Girl,Ed Sheeran,÷ (Deluxe),2017,170826,4,0.624,0.876,9,-3.374,1,0.1,0.0735,0,0.327,0.781,99.943,77
Happier,Ed Sheeran,÷ (Deluxe),2018,207520,4,0.522,0.385,0,-7.355,1,0.0288,0.536,0,0.135,0.236,89.792,75
I Don't Care (with Justin Bieber),Ed Sheeran,I Don't Care (with Justin Bieber),2019,219946,4,0.798,0.676,6,-5.041,1,0.0442,0.0902,0,0.0894,0.843,101.956,74
Perfect,Ed Sheeran,÷ (Deluxe),2017,263400,3,0.599,0.448,8,-6.312,1,0.0232,0.163,0,0.106,0.168,95.05,86
Photograph,Ed Sheeran,x (Deluxe Edition),2015,258986,4,0.614,0.379,4,-10.48,1,0.0476,0.607,0.000464,0.0986,0.201,107.989,82
Shape of You,Ed Sheeran,÷ (Deluxe),2017,233712,4,0.825,0.652,1,-3.183,0,0.0802,0.581,0,0.0931,0.931,95.977,85
Shivers,Ed Sheeran,=,2021,207853,4,0.788,0.859,2,-2.724,1,0.0856,0.281,0,0.0424,0.822,141.02,82
Thinking out Loud,Ed Sheeran,x (Deluxe Edition),2014,281560,4,0.781,0.445,2,-6.061,1,0.0295,0.474,0,0.184,0.591,78.998,81
Con Tus Besos,Eslabon Armado,Tu Veneno Mortal,2023,226821,3,0.681,0.664,6,-8.019,0,0.0353,0.335,0,0.0418,0.861,102.166,71
HASTA LA MUERTE,Eslabon Armado,NOSTALGIA,2022,209902,3,0.555,0.832,11,-3.691,1,0.0412,0.28,0,0.0894,0.43,170.124,74
Tú Eres,Eslabon Armado,Vibras de Noche,2023,245203,4,0.62,0.461,1,-7.688,1,0.0268,0.605,0.000029,0.0758,0.561,97.659,44
Log in,FIFTY FIFTY,The Beginning,2023,231291,4,0.871,0.595,2,-7.584,1,0.189,0.165,0.00000473,0.379,0.369,132.042,28
Lovin' Me,FIFTY FIFTY,The Beginning,2023,189809,4,0.459,0.543,8,-8.763,1,0.408,0.637,0.0000308,0.0886,0.556,170.881,44
Bebe Dame,Fuerza Regida,Bebe Dame,2022,271861,4,0.537,0.602,7,-4.631,1,0.0458,0.296,0,0.0715,0.753,157.437,71
CRAZYZ,Fuerza Regida,Pa las Baby's Y Belikeada,2023,204815,3,0.809,0.849,4,-6.769,0,0.0738,0.251,0.0000736,0.325,0.753,126,79
NEL,Fuerza Regida,PERO NO TE ENAMORES,2022,149073,4,0.69,0.482,7,-6.335,0,0.2,0.523,0.0004,0.0728,0.356,100.029,84
Radicamos En South Central,Fuerza Regida,Jimmy Humilde Presenta Lo Mejor De Las Calles Vol.3,2023,228853,1,0.748,0.739,7,-1.972,1,0.0381,0.461,0.0000047,0.0834,0.962,115.966,62
Sigo Chambeando,Fuerza Regida,Jimmy Humilde Presenta Lo Mejor De Las Calles Vol. 4,2023,200161,3,0.819,0.48,5,-6.966,1,0.0489,0.685,0.00000203,0.116,0.759,114.04,63
NO SE VA - EN VIVO,Grupo Frontera,El Comienzo,2023,193816,4,0.57,0.71,0,-4.526,1,0.0304,0.0898,0,0.292,0.752,172.719,78
QUE VUELVAS,Grupo Frontera,El Comienzo,2023,169418,4,0.497,0.644,10,-4.309,1,0.0443,0.188,0,0.114,0.779,162.542,81
un x100to,Grupo Frontera,El Comienzo,2023,194563,4,0.571,0.72,9,-4.089,1,0.0458,0.213,0,0.271,0.542,83.827,79
Baby Birkin,Gunna,Drip or Drown 2,2021,181948,4,0.848,0.649,2,-6.083,1,0.315,0.232,0,0.101,0.629,118.04,57
DOLLAZ ON MY HEAD (feat. Young Thug),Gunna,WUNNA,2021,197760,4,0.825,0.458,0,-7.47,1,0.0577,0.114,0,0.102,0.161,145.115,68
pushin P (feat. Young Thug),Gunna,DS4EVER,2022,136266,1,0.773,0.422,1,-4.572,0,0.187,0.00783,0.00693,0.129,0.488,77.502,69
rodeo dr,Gunna,a Gift & a Curse,2022,176946,4,0.8,0.754,1,-5.259,0,0.216,0.0668,0,0.278,0.334,134.136,60
Sold Out Dates (feat. Lil Baby),Gunna,Sold Out Dates (feat. Lil Baby),2022,166368,4,0.817,0.556,4,-7.178,0,0.14,0.469,0,0.131,0.314,126.991,66
GIVE HEAVEN SOME HELL,HARDY,A ROCK,2021,217801,4,0.639,0.839,11,-4.99,1,0.0364,0.0529,0,0.0854,0.528,126.057,70
REDNECKER,HARDY,THIS OLE BOY,2020,201832,4,0.536,0.751,7,-5.472,1,0.0342,0.0506,0.0000963,0.1,0.51,143.977,65
ROCKSTAR,HARDY,Quit!!,2020,194341,4,0.542,0.962,0,-3.096,1,0.0911,0.000474,0.00103,0.166,0.659,150.025,63
SOLD OUT,HARDY,SOLD OUT,2020,202912,4,0.504,0.891,9,-4.784,1,0.0492,0.00527,0.00002,0.341,0.329,144.99,34
TRUCK BED,HARDY,the mockingbird & THE CROW,2021,167534,4,0.663,0.77,0,-4.88,1,0.0371,0.0876,0,0.352,0.772,132.058,79
WHERE YA AT,HARDY,A ROCK,2022,179506,4,0.635,0.97,9,-4.03,1,0.0481,0.0087,0.0000188,0.393,0.712,117.981,42
Adore You,Harry Styles,Fine Line,2019,207133,4,0.676,0.771,8,-3.675,1,0.0483,0.0237,0.000007,0.102,0.569,99.048,82
As It Was,Harry Styles,Harry's House,2022,167303,4,0.52,0.731,6,-5.338,0,0.0557,0.342,0.00101,0.311,0.662,173.93,91
Falling,Harry Styles,Fine Line,2020,240133,4,0.567,0.267,4,-6.502,1,0.0299,0.839,0.00000146,0.089,0.0592,110.011,79
Golden,Harry Styles,Fine Line,2020,208906,4,0.448,0.838,4,-5.257,0,0.0557,0.21,0.000131,0.131,0.254,139.863,74
Kiwi,Harry Styles,Harry Styles,2017,176386,4,0.375,0.93,2,-2.631,1,0.0561,0.00064,0,0.318,0.491,147.124,69
Lights Up,Harry Styles,Fine Line,2019,172213,4,0.575,0.621,10,-8.165,0,0.032,0.0392,0.0045,0.141,0.27,101.987,69
Sign of the Times,Harry Styles,Harry Styles,2017,340706,4,0.516,0.595,5,-4.63,1,0.0313,0.0275,0,0.109,0.222,119.972,81
Sweet Creature,Harry Styles,Harry Styles,2017,224866,4,0.427,0.262,7,-8.541,1,0.0276,0.746,0,0.068,0.228,104.085,71
Treat People With Kindness,Harry Styles,Fine Line,2021,197346,4,0.653,0.869,5,-3.725,1,0.0382,0.128,0.000022,0.046,0.697,122.017,62
Watermelon Sugar,Harry Styles,Fine Line,2020,174000,4,0.548,0.816,0,-4.209,1,0.0465,0.122,0,0.335,0.557,95.39,86
Alineando Cabrones - En Vivo,Hermanos Vega Jr.,"En Vivo Fiesta Privada, Vol. 1",2023,315300,3,0.573,0.514,7,-8.364,1,0.242,0.496,0.00000778,0.271,0.706,186.611,23
Luto en el Cielo,Hermanos Vega Jr.,A Lo Sierreño Corridos de la Dinastía,2023,196336,3,0.756,0.606,2,-3.303,1,0.0298,0.54,0.0000024,0.141,0.95,101.792,10
Bikini Bottom,Ice Spice,Bikini Bottom,2023,106666,3,0.749,0.629,8,-5.434,1,0.216,0.21,0.00000162,0.0849,0.577,161.945,60
Deli,Ice Spice,Like..? (Deluxe),2023,126857,4,0.793,0.768,1,-6.244,1,0.144,0.118,0.0000365,0.114,0.261,140.141,73
Did It First (with Central Cee),Ice Spice,Did It First (with Central Cee),2023,118002,4,0.635,0.574,1,-7.453,1,0.322,0.229,0,0.126,0.592,153.938,86
In Ha Mood,Ice Spice,In Ha Mood,2022,129360,4,0.767,0.722,0,-6.586,1,0.31,0.678,0.000011,0.231,0.52,141.075,67
Munch (Feelin’ U),Ice Spice,Munch (Feelin’ U),2022,104819,4,0.811,0.528,11,-7.278,0,0.275,0.291,0,0.0787,0.635,166.084,64
No Clarity,Ice Spice,No Clarity,2023,108169,4,0.613,0.668,11,-5.812,1,0.2,0.591,0.0000137,0.169,0.716,141.826,52
Phat Butt,Ice Spice,Phat Butt,2023,129293,4,0.749,0.512,1,-9.28,1,0.19,0.0526,0.0282,0.116,0.111,165.093,64
LA CANCIÓN,J Balvin,OASIS,2019,242573,4,0.756,0.646,7,-5.795,1,0.319,0.152,0.0000181,0.108,0.429,176.088,84
QUE PRETENDES,J Balvin,OASIS,2020,222346,4,0.639,0.791,10,-4.443,0,0.254,0.0275,0,0.362,0.933,92.603,76
1985 - Intro to “The Fall Off”,J. Cole,KOD,2018,190176,4,0.679,0.648,2,-5.892,1,0.445,0.145,0,0.182,0.635,94.378,57
ATM,J. Cole,KOD,2018,216726,4,0.772,0.498,8,-7.661,1,0.649,0.115,0,0.0898,0.351,81.817,57
Deja Vu,J. Cole,4 Your Eyez Only,2018,264746,4,0.657,0.421,9,-11.378,1,0.412,0.352,0.000218,0.187,0.181,174.063,67
False Prophets,J. Cole,False Prophets,2016,237426,4,0.729,0.739,8,-9.5,0,0.338,0.696,0.00000937,0.164,0.749,90.306,55
Love Yourz,J. Cole,2014 Forest Hills Drive,2018,211496,4,0.677,0.638,8,-8.631,1,0.333,0.589,0,0.193,0.435,82.81,74
Neighbors,J. Cole,4 Your Eyez Only,2018,216520,4,0.898,0.283,6,-12.335,0,0.356,0.319,0.000383,0.11,0.469,138.97,69
Wet Dreamz,J. Cole,2014 Forest Hills Drive,2014,239266,4,0.495,0.722,6,-8.108,0,0.357,0.0697,0,0.113,0.539,175.627,80
Any Ol' Barstool,Jason Aldean,They Don't Know,2016,203293,4,0.539,0.722,4,-4.163,1,0.0282,0.314,0,0.117,0.497,143.78,59
Big Green Tractor,Jason Aldean,Wide Open,2009,204200,4,0.623,0.59,4,-5.014,1,0.028,0.646,0,0.295,0.578,137.073,67
Burnin' It Down,Jason Aldean,"Old Boots, New Dirt",2014,219160,4,0.682,0.795,6,-6.652,1,0.0489,0.305,0.00000941,0.109,0.64,135.941,65
Crazy Town,Jason Aldean,Wide Open,2009,183440,4,0.431,0.841,6,-2.988,1,0.0371,0.13,0,0.0517,0.486,180.975,55
Dirt Road Anthem,Jason Aldean,My Kinda Party,2011,229400,4,0.68,0.74,2,-5.064,1,0.0355,0.342,0.00000181,0.117,0.644,127.024,72
Hicktown,Jason Aldean,Jason Aldean,2005,306026,4,0.697,0.877,6,-3.885,1,0.0348,0.00913,0.00000693,0.0726,0.768,121.533,58
My Kinda Party,Jason Aldean,My Kinda Party,2010,284960,4,0.41,0.9,0,-4.249,0,0.0654,0.0166,0.0000112,0.339,0.56,176.96,64
Night Train,Jason Aldean,Night Train,2012,232306,4,0.496,0.709,5,-5.174,1,0.0292,0.0507,0.00000104,0.182,0.504,158.124,62
She's Country,Jason Aldean,Wide Open,2009,220573,4,0.553,0.872,1,-2.832,0,0.0781,0.196,0,0.0659,0.638,172.139,72
You Make It Easy,Jason Aldean,Rearview Town,2018,193226,3,0.542,0.571,7,-5.299,1,0.028,0.156,0,0.101,0.506,131.877,72
Creature,Jelly Roll,A Beautiful Disaster,2023,239592,4,0.763,0.603,8,-9.201,1,0.0788,0.176,0,0.0863,0.402,140.068,65
Dancing With The Devil,Jelly Roll,Whitsitt Chapel,2021,217360,3,0.39,0.791,9,-4.777,1,0.0568,0.223,0,0.0683,0.487,179.68,52
Need A Favor,Jelly Roll,Whitsitt Chapel,2023,197400,4,0.502,0.771,6,-4.246,1,0.032,0.0123,0.0000182,0.0801,0.557,157.978,77
Proud,Jelly Roll,Waylon & Willie,2021,273482,4,0.748,0.679,10,-7.219,1,0.0384,0.492,0.00000847,0.142,0.255,129.952,33
Save Me,Jelly Roll,Self Medicated,2021,240722,3,0.677,0.404,0,-9.552,1,0.027,0.653,0,0.249,0.355,83.087,69
Sober,Jelly Roll,Ballads of the Broken,2021,156133,4,0.458,0.542,1,-6.989,1,0.0313,0.357,0.00000198,0.114,0.26,79.747,55
Son Of A Sinner,Jelly Roll,Ballads of the Broken,2021,232093,4,0.365,0.541,7,-7.489,1,0.0304,0.0419,0.00000225,0.281,0.329,86.041,74
Almost Maybes,Jordan Davis,Almost Maybes,2022,179152,4,0.582,0.868,11,-3.927,1,0.0522,0.146,0,0.103,0.555,90.105,55
Buy Dirt,Jordan Davis,Buy Dirt,2021,167480,4,0.586,0.559,4,-6.725,1,0.05,0.639,0,0.0872,0.437,177.945,80
Cool Anymore,Jordan Davis,Cool Anymore,2022,200415,4,0.519,0.738,7,-5.452,1,0.0327,0.133,0,0.0986,0.506,155.972,48
Next Thing You Know,Jordan Davis,Bluebird Days,2023,175226,4,0.549,0.608,5,-8.253,1,0.0481,0.682,0,0.0966,0.399,78.534,77
Selfish,Jordan Davis,Home State,2022,192954,4,0.752,0.655,8,-6.07,1,0.0366,0.118,0.000297,0.0909,0.669,89.97,52
Singles You Up,Jordan Davis,Home State,2018,182666,4,0.491,0.907,7,-3.594,1,0.0481,0.0491,0,0.242,0.631,199.943,69
Slow Dance In A Parking Lot,Jordan Davis,Home State,2018,193929,4,0.523,0.837,7,-4.494,1,0.0335,0.301,0,0.172,0.523,82.006,66
Take It From Me,Jordan Davis,Home State,2021,174254,4,0.592,0.891,10,-3.144,1,0.0512,0.0267,0,0.352,0.674,99.983,71
3D (feat. Jack Harlow),Jung Kook,3D : The Remixes,2023,201812,4,0.853,0.824,1,-3.287,1,0.103,0.0322,0,0.0859,0.888,108.044,78
Dreamers [Music from the FIFA World Cup Qatar 2022 Official Soundtrack],Jung Kook,Dreamers [Music from the FIFA World Cup Qatar 2022 Official Soundtrack],2022,201391,4,0.709,0.879,0,-4.218,1,0.042,0.158,0.00158,0.441,0.34,114.99,71
Seven (feat. Latto) (Explicit Ver.),Jung Kook,GOLDEN,2023,183550,4,0.79,0.831,11,-4.185,1,0.044,0.312,0,0.0797,0.872,124.987,86
Standing Next to You,Jung Kook,GOLDEN,2023,206019,4,0.711,0.809,2,-4.389,0,0.0955,0.0447,0,0.339,0.816,106.017,90
Still With You,Jung Kook,Still With You,2020,239905,4,0.529,0.469,1,-6.967,0,0.0358,0.0899,0.0000153,0.831,0.344,87.864,77
Yes or No,Jung Kook,GOLDEN,2023,147557,4,0.671,0.839,1,-2.645,1,0.0866,0.179,0,0.0748,0.882,83.845,77
Extssy Model,Junior H,Mi Vida En Un Cigarro 2,2023,240654,3,0.675,0.725,4,-4.766,0,0.0334,0.0839,0,0.334,0.469,92.513,81
TRES BOTELLAS,Junior H,$AD BOYZ 4 LIFE II,2023,162648,4,0.723,0.59,11,-7.688,0,0.0341,0.246,0.0000502,0.201,0.587,97.481,78
clouds,JVKE,clouds,2021,162615,4,0.641,0.905,11,-3.694,1,0.0334,0.435,0.0491,0.185,0.875,94.874,67
golden hour,JVKE,this is what falling in love feels like (554Hz),2021,209259,3,0.515,0.593,4,-4.801,1,0.0322,0.653,0.162,0.25,0.153,94.467,77
this is what falling in love feels like,JVKE,this is what ____ feels like (Vol. 1-4),2022,120308,5,0.422,0.44,11,-5.53,1,0.0544,0.617,0,0.0837,0.332,128.934,76
this is what heartbreak feels like,JVKE,this is what ____ feels like (Vol. 1-4),2023,157636,4,0.707,0.474,1,-4.603,1,0.0672,0.578,0,0.11,0.538,109.991,67
Fantasy (feat. Don Toliver),Kali Uchis,Red Moon In Venus,2022,178274,4,0.625,0.684,6,-6.146,1,0.0496,0.132,0.000334,0.137,0.133,104.023,66
Moonlight,Kali Uchis,Red Moon In Venus,2022,187723,4,0.642,0.706,7,-6.832,0,0.0507,0.518,0,0.243,0.86,136.854,80
Simple,Kali Uchis,ORQUÍDEAS PARTE 2 - Deluxe,2022,202123,4,0.611,0.454,1,-9.166,0,0.0257,0.498,0.077,0.15,0.354,87.945,64
telepatía,Kali Uchis,Sin Miedo (del Amor y Otros Demonios) ∞,2020,160191,4,0.653,0.524,11,-9.016,0,0.0502,0.112,0,0.203,0.553,83.97,82
Cool Again,Kane Brown,Cool Again,2020,164668,4,0.608,0.735,4,-5.497,1,0.0371,0.0156,0.00000169,0.361,0.773,90.007,52
Good as You,Kane Brown,Experiment Extended,2018,192053,4,0.626,0.516,8,-6.05,1,0.0388,0.4,0,0.142,0.769,153.653,62
Heaven,Kane Brown,Kane Brown (Deluxe Edition),2018,179506,4,0.677,0.556,9,-6.544,1,0.0306,0.263,0,0.105,0.521,80.006,71
Homesick,Kane Brown,Experiment Extended,2018,205400,4,0.701,0.5,8,-8.82,1,0.0303,0.46,0,0.234,0.409,97.028,61
Lose It,Kane Brown,Experiment Extended,2018,178986,4,0.545,0.854,4,-4.968,0,0.0289,0.00244,0.0000012,0.249,0.436,91.967,60
What Ifs (feat. Lauren Alaina),Kane Brown,Kane Brown,2017,188253,4,0.612,0.799,10,-4.603,1,0.0275,0.00898,0,0.172,0.687,125.976,71
Worship You,Kane Brown,Worship You,2020,205746,4,0.63,0.496,8,-7.011,1,0.0329,0.388,0,0.088,0.387,78.024,45
Ahora Me Llama,KAROL G,Unstoppable,2017,235226,4,0.646,0.573,7,-5.716,0,0.041,0.00949,0.0000398,0.0932,0.109,134.979,70
AMARGURA,KAROL G,MAÑANA SERÁ BONITO,2023,170480,4,0.912,0.7,6,-3.331,0,0.068,0.163,0,0.174,0.535,106.981,88
CONTIGO (with Tiësto),KAROL G,CONTIGO (with Tiësto),2023,192786,4,0.85,0.562,5,-7.863,1,0.0724,0.169,0.00000323,0.104,0.293,122.029,82
EL MAKINON,KAROL G,KG0516,2021,209160,4,0.635,0.706,5,-3.224,0,0.125,0.256,0,0.108,0.443,88.863,74
GATITA GANGSTER,KAROL G,MAÑANA SERÁ BONITO (BICHOTA SEASON),2023,170920,4,0.826,0.552,10,-5.167,0,0.144,0.167,0.00000623,0.101,0.532,96.981,75
GATÚBELA,KAROL G,GATÚBELA,2022,209160,4,0.627,0.858,11,-2.824,0,0.386,0.263,0,0.21,0.342,92.523,71
Ocean,KAROL G,OCEAN,2023,155946,4,0.727,0.482,11,-6.193,1,0.115,0.933,0,0.388,0.487,74.93,73
PROVENZA,KAROL G,MAÑANA SERÁ BONITO,2022,207626,4,0.863,0.502,1,-7.912,1,0.0496,0.61,0.00765,0.11,0.567,111.029,83
Si Antes Te Hubiera Conocido,KAROL G,Si Antes Te Hubiera Conocido,2023,195824,4,0.924,0.668,11,-6.795,1,0.0469,0.446,0.000594,0.0678,0.787,128.027,96
Tusa,KAROL G,Tusa,2019,200960,4,0.803,0.715,2,-3.28,1,0.298,0.295,0.000134,0.0574,0.574,101.085,74
Because of You,Kelly Clarkson,Breakaway,2004,219493,4,0.583,0.584,5,-5.362,0,0.0314,0.254,0,0.123,0.136,140.039,65
Behind These Hazel Eyes,Kelly Clarkson,Breakaway,2005,198973,4,0.548,0.889,9,-4.682,1,0.0382,0.00165,0.00109,0.197,0.425,90.048,60
Breakaway,Kelly Clarkson,Breakaway,2004,237000,3,0.446,0.701,9,-4.179,0,0.0295,0.0298,0.00000889,0.0931,0.394,159.958,61
Never Again,Kelly Clarkson,My December,2004,217293,4,0.514,0.91,7,-2.978,0,0.0714,0.00168,0.00187,0.224,0.472,145.907,44
Piece by Piece - Idol Version,Kelly Clarkson,Piece By Piece (Deluxe Version),2016,212280,4,0.561,0.245,1,-6.372,1,0.0344,0.904,0,0.0933,0.402,109.558,56
Since U Been Gone,Kelly Clarkson,Breakaway,2004,188960,4,0.662,0.741,0,-5.406,1,0.0334,0.00165,0.0303,0.114,0.404,131,75
Stronger (What Doesn't Kill You),Kelly Clarkson,Stronger (Deluxe Version),2011,221946,4,0.562,0.939,0,-4.282,1,0.0475,0.046,0,0.112,0.684,116.044,64
Walk Away,Kelly Clarkson,Breakaway,2005,189306,4,0.75,0.888,0,-4.524,1,0.0426,0.0147,0.00000111,0.0759,0.935,115.973,47
Clarity,Kim Petras,Clarity,2022,122872,4,0.702,0.685,3,-5.287,1,0.0879,0.00187,0.0000398,0.227,0.573,159.88,37
Coconuts,Kim Petras,Coconuts,2022,168559,4,0.728,0.863,2,-4.67,0,0.0675,0.0139,0.000259,0.167,0.489,111.972,52
Future Starts Now,Kim Petras,Future Starts Now,2022,279270,4,0.693,0.853,6,-4.241,1,0.0503,0.00329,0.000193,0.123,0.432,119.948,46
Heart to Break,Kim Petras,Heart to Break,2018,225972,4,0.737,0.602,11,-5.292,1,0.204,0.0393,0.00000274,0.236,0.88,109.039,56
I Don't Want It At All,Kim Petras,I Don't Want It At All,2018,250615,4,0.768,0.729,6,-3.521,0,0.0743,0.101,0,0.0774,0.772,110.02,48
Malibu,Kim Petras,Malibu,2020,191808,4,0.627,0.838,2,-4.352,1,0.183,0.0247,0.000383,0.223,0.536,120,48
Sex Talk,Kim Petras,Feed The Beast,2020,155853,4,0.88,0.674,9,-6.143,0,0.206,0.0457,0,0.0279,0.859,111.985,36
There Will Be Blood,Kim Petras,TURN OFF THE LIGHT,2023,197651,4,0.563,0.879,0,-4.735,0,0.0907,0.00125,0.0000176,0.166,0.602,107.013,46
Treat Me Like A Slut,Kim Petras,Slut Pop,2021,118153,4,0.914,0.696,11,-4.482,0,0.134,0.00225,0.0000797,0.0979,0.572,130.028,63
BIG MAD,Ktlyn,BIG MAD,2023,143111,4,0.958,0.523,8,-6.1,1,0.0591,0.0293,0,0.106,0.309,102.039,57
Plain Jayne,Ktlyn,Plain Jayne,2023,123920,4,0.893,0.558,9,-6.556,1,0.152,0.278,0.00214,0.104,0.647,94.034,50
Always Remember Us This Way,Lady Gaga,A Star Is Born Soundtrack (Without Dialogue),2018,210200,4,0.549,0.502,0,-5.972,1,0.0405,0.299,0,0.764,0.291,129.842,82
Applause,Lady Gaga,ARTPOP,2013,212333,4,0.668,0.78,7,-4.287,0,0.053,0.0265,0.00000163,0.143,0.738,139.945,76
Bad Romance,Lady Gaga,The Fame Monster (Deluxe Edition),2009,294573,4,0.695,0.921,0,-3.752,1,0.0363,0.00314,0.0000526,0.0842,0.714,119.007,83
Bloody Mary,Lady Gaga,Born This Way (Special Edition),2011,244760,4,0.591,0.634,9,-6.365,0,0.0291,0.0107,0.00000195,0.113,0.44,99.998,67
Born This Way,Lady Gaga,Born This Way (Special Edition),2011,260252,4,0.587,0.828,11,-5.108,1,0.161,0.00327,0,0.331,0.493,123.907,67
Die With A Smile,Lady Gaga,Die With A Smile,2020,251667,3,0.521,0.592,6,-7.777,0,0.0304,0.308,0,0.122,0.535,157.969,86
Million Reasons,Lady Gaga,Joanne (Deluxe),2016,205280,4,0.666,0.423,0,-8.012,1,0.0429,0.494,0,0.106,0.154,129.893,74
Poker Face,Lady Gaga,The Fame,2008,237200,4,0.851,0.806,4,-4.618,1,0.0787,0.119,0.00000172,0.121,0.774,119.001,77
Shallow,Lady Gaga,A Star Is Born Soundtrack,2018,215733,4,0.577,0.385,7,-6.362,1,0.03,0.371,0,0.231,0.331,95.82,83
Atta Girl,Lainey Wilson,Bell Bottom Country,2022,206693,4,0.747,0.521,11,-7.439,1,0.0351,0.233,0.0000617,0.101,0.673,141.983,61
Hang Tight Honey,Lainey Wilson,Hang Tight Honey,2023,189786,4,0.494,0.956,0,-4.67,1,0.0729,0.0266,0.0000358,0.665,0.772,171.977,69
Heart Like A Truck,Lainey Wilson,Bell Bottom Country,2022,199040,4,0.587,0.632,9,-5.416,1,0.0311,0.148,0.0000101,0.158,0.392,139.974,73
Road Runner,Lainey Wilson,Bell Bottom Country,2023,226826,4,0.476,0.846,2,-4.362,1,0.0338,0.0716,0.000014,0.315,0.821,159.956,47
Rolling Stone,Lainey Wilson,Sayin’ What I’m Thinkin’,2023,239013,4,0.596,0.54,9,-8.82,0,0.0442,0.243,0.000081,0.347,0.476,77.049,48
Smell Like Smoke,Lainey Wilson,Bell Bottom Country,2023,168120,4,0.576,0.723,0,-4.411,1,0.0528,0.134,0.00000529,0.123,0.778,176.141,60
Straight Up Sideways,Lainey Wilson,Sayin’ What I’m Thinkin’,2023,176053,4,0.539,0.839,9,-4.408,1,0.045,0.0216,0.00000207,0.174,0.971,160.049,49
Things A Man Oughta Know,Lainey Wilson,Sayin’ What I’m Thinkin’,2021,203373,4,0.659,0.683,3,-5.623,1,0.0312,0.513,0.00000493,0.133,0.397,139.931,71
Workin' Overtime,Lainey Wilson,Workin' Overtime,2023,197685,4,0.52,0.816,8,-7.358,1,0.0583,0.0363,0,0.0897,0.75,155.934,51
WWDD,Lainey Wilson,Sayin’ What I’m Thinkin’,2023,140413,4,0.632,0.832,2,-3.185,1,0.0334,0.0019,0.0000108,0.201,0.885,114.007,49
B*tch From Da Souf,Latto,B*tch From Da Souf,2020,144047,4,0.862,0.235,1,-15.545,1,0.699,0.0241,0,0.123,0.398,150.062,51
Big Energy,Latto,Big Energy,2021,173182,4,0.935,0.807,11,-3.838,0,0.114,0.0514,0,0.349,0.813,106.017,65
Blick Sum,Latto,Sugar Honey Iced Tea,2023,191546,4,0.774,0.622,9,-6.989,1,0.361,0.000692,0,0.748,0.388,150.137,58
Like A Thug (feat. Lil Durk),Latto,777,2023,172137,4,0.874,0.617,3,-7.205,0,0.234,0.195,0,0.239,0.819,144.98,36
Muwop (feat. Gucci Mane),Latto,Muwop (feat. Gucci Mane),2020,200135,4,0.79,0.61,9,-6.958,0,0.102,0.0613,0,0.243,0.62,145.88,45
No Hook,Latto,No Hook,2023,103488,4,0.684,0.464,9,-5.796,1,0.506,0.202,0,0.111,0.213,180.323,28
PUSSY,Latto,PUSSY,2023,141176,4,0.587,0.848,6,-4.385,0,0.346,0.0364,0,0.246,0.673,169.65,35
Sex Lies (feat. Lil Baby),Latto,Queen of Da Souf (Extended Version) [Deluxe Version],2022,161538,4,0.481,0.728,0,-6.147,1,0.143,0.279,0,0.139,0.703,79.829,39
There She Go,Latto,Sugar Honey Iced Tea,2023,161800,4,0.774,0.603,2,-4.424,1,0.11,0.000204,0.0000868,0.184,0.254,155.048,54
Wheelie (feat. 21 Savage),Latto,Wheelie (feat. 21 Savage),2021,170270,4,0.911,0.667,1,-6.606,1,0.277,0.0313,0,0.0854,0.78,147.976,47
3 Headed Goat (feat. Lil Baby & Polo G),Lil Durk,Just Cause Y'all Waited 2,2020,169531,4,0.846,0.48,8,-8.618,0,0.359,0.269,0,0.0989,0.419,143.029,69
Backdoor,Lil Durk,The Voice (Deluxe),2020,200000,4,0.713,0.551,4,-7.593,0,0.29,0.107,0.00000366,0.294,0.237,82.637,48
Bora Bora,Lil Durk,Love Songs 4 the Streets 2,2022,162205,4,0.678,0.623,1,-5.034,1,0.0828,0.16,0,0.151,0.103,160.021,54
India,Lil Durk,Signed to the Streets 2.5,2019,264862,4,0.79,0.56,1,-7.039,1,0.341,0.0787,0,0.344,0.133,145.012,54
The Voice,Lil Durk,The Voice,2021,179724,4,0.447,0.813,5,-2.126,0,0.254,0.0258,0,0.136,0.121,84.758,48
Viral Moment,Lil Durk,Just Cause Y'all Waited 2 (Deluxe),2020,192000,3,0.545,0.525,1,-8.147,1,0.367,0.0134,0,0.109,0.26,159.073,43
What Happened To Virgil (feat. Gunna),Lil Durk,7220,2022,181393,4,0.795,0.526,6,-9.086,0,0.204,0.067,0.000002,0.134,0.194,140.037,63
Cuz I Love You,Lizzo,Cuz I Love You,2019,179978,3,0.566,0.66,1,-4.039,1,0.0479,0.0156,0,0.234,0.52,162.159,53
Good as Hell,Lizzo,Cuz I Love You (Super Deluxe),2016,159735,4,0.682,0.919,0,-3.18,0,0.0875,0.256,0,0.442,0.535,95.982,70
Juice,Lizzo,Cuz I Love You,2019,194935,4,0.766,0.885,0,-3.001,1,0.102,0.00666,0,0.348,0.831,119.908,37
Juice - Breakbot Mix,Lizzo,Sunlight Dance,2019,172453,4,0.779,0.741,0,-5.503,1,0.0962,0.0261,0,0.25,0.928,119.97,0
Rumors (feat. Cardi B),Lizzo,Rumors (feat. Cardi B),2021,172832,4,0.827,0.731,4,-5.524,0,0.088,0.13,0,0.418,0.607,118.992,60
Scuse Me,Lizzo,Coconut Oil,2019,204392,4,0.803,0.833,0,-4.5,0,0.0859,0.259,0.00000143,0.152,0.784,129.993,40
Soulmate,Lizzo,Cuz I Love You,2019,175234,4,0.693,0.849,7,-4.517,1,0.0892,0.00466,0.00127,0.503,0.767,99.021,49
Tempo (feat. Missy Elliott),Lizzo,Cuz I Love You,2020,175342,4,0.833,0.722,1,-5.563,1,0.136,0.0573,0.0000114,0.358,0.588,107.019,56
Truth Hurts,Lizzo,Cuz I Love You (Super Deluxe),2017,173325,4,0.715,0.624,4,-3.046,0,0.114,0.11,0,0.123,0.412,158.087,71
Water Me,Lizzo,Cuz I Love You (Super Deluxe),2019,185594,4,0.67,0.966,3,-1.994,0,0.177,0.0292,0,0.185,0.77,113.046,48
Beautiful Crazy,Luke Combs,This One's for You Too (Deluxe Edition),2017,193200,4,0.551,0.402,11,-7.431,1,0.0262,0.676,0,0.0928,0.382,103.313,83
Beer Never Broke My Heart,Luke Combs,What You See Is What You Get,2019,186733,4,0.538,0.863,1,-4.483,1,0.0481,0.0139,0,0.0874,0.637,77.001,81
Better Together,Luke Combs,What You See Is What You Get,2020,219573,4,0.552,0.225,0,-11.501,1,0.0477,0.827,0,0.111,0.67,138.002,74
Cold As You,Luke Combs,What You See Ain't Always What You Get (Deluxe Edition),2021,186106,4,0.598,0.846,6,-4.956,1,0.0355,0.0527,0,0.113,0.328,144.04,66
Forever After All,Luke Combs,What You See Ain't Always What You Get (Deluxe Edition),2020,232533,4,0.487,0.65,0,-5.195,1,0.0253,0.191,0,0.0933,0.456,151.964,77
Hurricane,Luke Combs,This One's for You,2021,222533,4,0.464,0.813,10,-6.185,1,0.0416,0.0153,0,0.254,0.515,75.977,78
Lovin' On You,Luke Combs,What You See Is What You Get,2020,194866,4,0.572,0.949,4,-4.865,1,0.06,0.00165,0.000195,0.163,0.53,118.974,69
One Number Away,Luke Combs,This One's for You,2017,221800,4,0.544,0.781,6,-6.16,0,0.0311,0.00585,0,0.191,0.527,144.075,74
She Got the Best of Me,Luke Combs,This One's for You Too (Deluxe Edition),2017,183160,4,0.533,0.907,11,-3.793,1,0.0406,0.0292,0,0.386,0.7,150.99,83
When It Rains It Pours,Luke Combs,This One's for You,2017,240760,4,0.551,0.801,6,-5.069,1,0.0303,0.013,0.00000603,0.265,0.625,128.027,84
Touch My Body,Mariah Carey,E=MC2 (Deluxe Version),2008,204733,4,0.714,0.665,4,-7.736,0,0.0509,0.0996,0,0.226,0.842,78.515,71
We Belong Together,Mariah Carey,The Emancipation of Mimi,2005,201400,4,0.833,0.467,0,-7.89,1,0.0619,0.0339,0,0.09,0.767,139.971,70
Am I Okay?,Megan Moroney,Am I Okay?,2023,235002,4,0.593,0.734,9,-5.416,1,0.0514,0.02,0,0.138,0.518,125.937,76
Hair Salon,Megan Moroney,Pistol Made of Roses,2023,224581,4,0.493,0.581,10,-6.133,1,0.0327,0.302,0,0.169,0.317,138.075,59
I'm Not Pretty,Megan Moroney,Lucky,2022,181066,4,0.573,0.795,10,-5.561,1,0.0558,0.129,0.0000178,0.186,0.705,128.101,73
Indifferent,Megan Moroney,Am I Okay?,2023,176022,3,0.635,0.537,6,-6.296,1,0.0476,0.0467,0,0.0853,0.511,107.421,70
Tennessee Orange,Megan Moroney,Tennessee Orange,2023,223119,3,0.38,0.488,9,-6.637,1,0.029,0.126,0.00000723,0.115,0.268,156.031,66
Wonder,Megan Moroney,Wonder,2023,222139,4,0.603,0.46,7,-8.178,0,0.0281,0.356,0.000528,0.119,0.556,81.04,63
All About That Bass,Meghan Trainor,Title (Deluxe),2014,187920,4,0.807,0.887,9,-3.726,1,0.0503,0.0573,0.00000287,0.124,0.961,134.052,73
Bang Dem Sticks,Meghan Trainor,Title (Deluxe),2016,180973,4,0.886,0.734,2,-4.431,1,0.0752,0.0294,0.0000129,0.304,0.25,109.981,41
Better When I'm Dancin',Meghan Trainor,Better When I'm Dancin',2015,176266,4,0.756,0.789,2,-7.002,1,0.0324,0.53,0.000711,0.157,0.873,127.987,73
Dear Future Husband,Meghan Trainor,Title (Deluxe),2015,184226,4,0.655,0.782,1,-4.789,1,0.185,0.375,0,0.317,0.832,79.427,77
Good To Be Alive,Meghan Trainor,The Peanuts Movie - Original Motion Picture Soundtrack,2016,228360,4,0.605,0.684,10,-5.254,1,0.142,0.333,0.0000191,0.0819,0.587,200.049,48
Like I'm Gonna Lose You (feat. John Legend),Meghan Trainor,Title (Deluxe),2015,225053,3,0.63,0.53,0,-7.259,1,0.0434,0.4,0,0.177,0.417,108.038,78
Lips Are Movin,Meghan Trainor,Title (Deluxe),2014,182666,4,0.775,0.825,7,-5.402,1,0.0464,0.0506,0.00000103,0.111,0.95,139.091,69
Me Too,Meghan Trainor,Thank You (Deluxe Version),2016,181240,4,0.934,0.694,11,-5.849,0,0.101,0.0971,0.0000012,0.477,0.833,123.831,71
NO,Meghan Trainor,Thank You (Deluxe Version),2016,213506,4,0.557,0.803,1,-3.599,0,0.213,0.0124,0.00000161,0.737,0.657,92.134,73
Watch Me Do,Meghan Trainor,Thank You (Deluxe Version),2016,169773,4,0.849,0.686,11,-2.674,0,0.0506,0.00209,0.00566,0.0839,0.652,112.032,37
No Complaints (feat. Offset & Drake) (Bonus),Metro Boomin,NOT ALL HEROES WEAR CAPES (Deluxe),2018,265480,4,0.913,0.571,2,-8.82,1,0.166,0.0709,0.00237,0.0599,0.203,123.966,64
Overdue (with Travis Scott),Metro Boomin,NOT ALL HEROES WEAR CAPES (Deluxe),2023,166093,4,0.634,0.401,11,-11.212,0,0.0446,0.731,0.000132,0.334,0.494,150.174,79
Space Cadet (feat. Gunna),Metro Boomin,NOT ALL HEROES WEAR CAPES (Deluxe),2019,203266,4,0.901,0.464,5,-9.789,0,0.0645,0.368,0.0000182,0.238,0.638,109.004,79
Adorn,Miguel,Kaleidoscope Dream,2012,193146,4,0.625,0.576,11,-5.693,0,0.175,0.0543,0.0000407,0.187,0.235,179.063,67
All I Want Is You (feat. J. Cole),Miguel,All I Want Is You,2010,295920,4,0.776,0.603,5,-5.696,1,0.0343,0.0728,0.0000625,0.111,0.921,96.888,71
coffee,Miguel,Wildheart (Deluxe Version),2015,286573,4,0.556,0.618,10,-7.471,0,0.0463,0.00558,0.000351,0.153,0.121,80.985,64
Do You...,Miguel,Kaleidoscope Dream,2015,207920,4,0.593,0.589,11,-6.401,1,0.0366,0.462,0.00000388,0.0937,0.306,148.055,47
How Many Drinks?,Miguel,Kaleidoscope Dream,2012,272986,4,0.379,0.608,0,-7.011,0,0.134,0.00311,0.000614,0.248,0.241,81.822,62
Sky Walker (feat. Travis Scott),Miguel,War & Leisure,2017,259333,4,0.674,0.506,6,-10.532,1,0.0434,0.173,0,0.0866,0.183,145.965,72
Sure Thing,Miguel,All I Want Is You,2011,195373,4,0.684,0.607,11,-8.127,0,0.1,0.0267,0.000307,0.191,0.498,81.001,87
The Thrill,Miguel,Kaleidoscope Dream,2015,182480,4,0.566,0.511,11,-8.595,0,0.0347,0.00275,0.0000687,0.585,0.338,149.799,34
waves - Tame Impala Remix,Miguel,Rogue Waves,2015,253346,4,0.529,0.894,2,-3.599,1,0.0412,0.308,0.00000538,0.254,0.543,108.024,65
Adore You,Miley Cyrus,Bangerz (Deluxe Version),2013,278746,4,0.583,0.655,0,-5.407,1,0.0315,0.111,0.00000357,0.113,0.201,119.759,68
Flowers,Miley Cyrus,Endless Summer Vacation,2023,200600,4,0.706,0.691,0,-4.775,1,0.0633,0.0584,0.0000699,0.0232,0.632,118.048,88
Malibu,Miley Cyrus,Younger Now,2017,231906,4,0.573,0.781,8,-6.406,1,0.0555,0.0767,0.0000264,0.0813,0.343,139.934,73
Midnight Sky,Miley Cyrus,Plastic Hearts,2020,223280,4,0.699,0.805,4,-5.535,0,0.0345,0.00161,0.00177,0.249,0.232,109.976,70
Party In The U.S.A.,Miley Cyrus,The Time Of Our Lives,2009,202066,4,0.652,0.698,10,-4.667,0,0.042,0.00112,0.000115,0.0886,0.47,96.021,78
Prisoner (feat. Dua Lipa),Miley Cyrus,Plastic Hearts,2020,169333,4,0.781,0.67,3,-3.912,0,0.0452,0.0103,0,0.0761,0.595,127.99,72
Slide Away,Miley Cyrus,SHE IS COMING,2023,233654,4,0.534,0.538,5,-6.673,1,0.0327,0.173,0.00000282,0.248,0.289,148.016,65
The Climb,Miley Cyrus,Hannah Montana The Movie,2009,236066,4,0.327,0.588,4,-6.611,1,0.0336,0.0834,0,0.104,0.329,161.074,64
We Can't Stop,Miley Cyrus,Bangerz (Deluxe Version),2013,231240,4,0.613,0.622,1,-5.794,0,0.0334,0.00882,0,0.37,0.484,80.003,76
Wrecking Ball,Miley Cyrus,Bangerz (Deluxe Version),2013,221360,4,0.53,0.422,5,-6.262,1,0.0342,0.407,0,0.107,0.349,119.964,78
7 Summers,Morgan Wallen,Dangerous: The Double Album,2020,210506,4,0.466,0.786,0,-5.13,1,0.0328,0.417,0.000061,0.125,0.571,203.903,78
Chasin' You,Morgan Wallen,If I Know Me,2018,205453,4,0.631,0.591,7,-5.806,1,0.0277,0.667,0,0.11,0.494,97.087,79
Cover Me Up,Morgan Wallen,Dangerous: The Double Album,2020,293706,3,0.549,0.44,7,-8.192,1,0.0264,0.232,0.00000737,0.107,0.214,128.01,73
More Than My Hometown,Morgan Wallen,Dangerous: The Double Album,2020,216573,4,0.62,0.869,6,-5.479,1,0.0462,0.615,0,0.131,0.597,126.019,79
Sand In My Boots,Morgan Wallen,Dangerous: The Double Album,2021,202133,4,0.403,0.537,3,-6.628,1,0.031,0.59,0,0.112,0.414,69.877,76
Somebody’s Problem,Morgan Wallen,Somebody’s Problem,2021,161773,4,0.657,0.54,5,-7.675,1,0.0287,0.662,0,0.123,0.625,136.97,60
The Way I Talk,Morgan Wallen,If I Know Me,2018,208280,4,0.605,0.88,4,-3.388,1,0.0322,0.0462,0,0.0915,0.761,137.986,72
Up Down (feat. Florida Georgia Line),Morgan Wallen,If I Know Me,2017,197253,4,0.59,0.882,6,-3.041,1,0.0349,0.0803,0,0.146,0.792,129.929,72
Wasted On You,Morgan Wallen,Dangerous: The Double Album,2021,178520,3,0.505,0.657,11,-5.24,0,0.0318,0.373,0.00107,0.126,0.252,196,82
Whiskey Glasses,Morgan Wallen,If I Know Me,2018,234346,4,0.616,0.68,6,-4.581,1,0.0288,0.361,0.00000118,0.116,0.687,149.951,80
Amor Tumbado,Natanael Cano,Mi Nuevo Yo,2020,221553,3,0.576,0.715,1,-5.755,0,0.0354,0.335,0.00000285,0.0772,0.497,199.942,77
Giza,Natanael Cano,Giza,2021,177580,3,0.698,0.891,5,-5.003,0,0.0341,0.0942,0,0.133,0.696,124.054,83
Madonna,Natanael Cano,Madonna,2021,187087,3,0.732,0.873,0,-5.965,1,0.0321,0.0449,0.000803,0.347,0.662,128.029,86
Soy El Diablo - Remix,Natanael Cano,Soy El Diablo (Remix),2020,193621,3,0.681,0.686,9,-6.398,0,0.0462,0.588,0,0.114,0.961,109.191,62
Bulletproof (feat. Avril Lavigne),Nate Smith,Bulletproof (feat. Avril Lavigne),2023,183919,4,0.506,0.757,7,-4.802,1,0.037,0.0798,0,0.0885,0.489,79.984,63
Whiskey On You,Nate Smith,NATE SMITH (DELUXE),2022,183786,4,0.473,0.751,8,-5.196,1,0.0318,9.91E-05,0.0181,0.118,0.569,110.025,74
World on Fire,Nate Smith,NATE SMITH (DELUXE),2023,189986,4,0.461,0.887,11,-4.871,0,0.0429,0.000219,0,0.104,0.411,95.964,76
Attention,NewJeans,NewJeans 1st EP 'New Jeans',2022,180066,4,0.811,0.648,10,-3.684,0,0.0368,0.236,0,0.0761,0.695,104.988,76
Cookie,NewJeans,NewJeans 1st EP 'New Jeans',2022,235562,4,0.847,0.638,0,-3.764,1,0.0575,0.0596,0,0.0894,0.661,156.935,72
Cool With You,NewJeans,NewJeans 2nd EP 'Get Up',2023,147880,4,0.752,0.65,5,-6.683,0,0.12,0.653,0.00136,0.105,0.532,134.993,74
Ditto,NewJeans,Ditto,2022,185506,4,0.814,0.641,6,-5.957,0,0.111,0.027,0,0.0993,0.183,133.854,78
Get Up,NewJeans,NewJeans 2nd EP 'Get Up',2023,36226,3,0.525,0.526,5,-7.03,1,0.0534,0.634,0.127,0.103,0.562,85.274,71
Hurt,NewJeans,NewJeans 1st EP 'New Jeans',2023,177946,4,0.599,0.446,10,-6.511,0,0.0833,0.731,0,0.105,0.567,179.877,73
Hype Boy,NewJeans,NewJeans 1st EP 'New Jeans',2022,179026,4,0.593,0.935,4,-3.43,0,0.225,0.268,0,0.286,0.783,99.976,79
OMG,NewJeans,NewJeans 'OMG',2023,212253,4,0.804,0.771,9,-4.067,0,0.0433,0.357,0.00000307,0.108,0.739,126.956,79
Super Shy,NewJeans,NewJeans 'Super Shy',2023,154666,4,0.776,0.817,5,-6.018,0,0.0748,0.18,0.0000344,0.146,0.515,149.921,81
Supernatural,NewJeans,Supernatural,2023,191000,4,0.699,0.708,10,-4.182,0,0.0496,0.185,0.00000843,0.0921,0.863,108.887,83
Anaconda,Nicki Minaj,The Pinkprint - Deluxe,2014,260239,4,0.964,0.605,9,-6.223,1,0.179,0.0668,0.00000778,0.214,0.646,129.996,60
Beez In The Trap,Nicki Minaj,Pink Friday ... Roman Reloaded,2012,268480,4,0.813,0.782,9,-6.005,1,0.218,0.0227,0.00165,0.0956,0.681,150.003,52
Chun-Li,Nicki Minaj,Queen,2018,191600,5,0.686,0.73,6,-5.077,0,0.374,0.278,0.0000476,0.106,0.474,128.943,66
Fly,Nicki Minaj,Pink Friday,2010,212920,4,0.665,0.848,10,-4.926,1,0.0386,0.0148,0.000118,0.1,0.196,119.897,60
Moment 4 Life,Nicki Minaj,Pink Friday,2011,279306,4,0.475,0.882,11,-3.883,1,0.351,0.406,0,0.241,0.369,98.001,69
Pills N Potions,Nicki Minaj,The Pinkprint - Deluxe,2015,268000,4,0.391,0.604,7,-8.104,1,0.212,0.00812,0.00000491,0.0443,0.168,169.391,55
Starships,Nicki Minaj,Pink Friday ... Roman Reloaded,2012,210626,4,0.747,0.716,11,-2.457,0,0.0751,0.135,0,0.251,0.751,125.006,74
Super Bass,Nicki Minaj,Pink Friday (Complete Edition),2011,200013,4,0.723,0.86,11,-4.357,1,0.203,0.271,0.00000456,0.598,0.667,126.979,79
Truffle Butter,Nicki Minaj,The Pinkprint (Deluxe Edition),2015,220466,4,0.89,0.667,2,-6.862,1,0.0521,0.0572,0.0000303,0.108,0.522,105.103,62
AIN'T GONNA ANSWER,NLE Choppa,AIN'T GONNA ANSWER,2023,187453,4,0.879,0.875,10,-1.868,0,0.18,0.0808,0,0.327,0.763,95.021,58
Camelot,NLE Choppa,Top Shotta,2020,148759,4,0.787,0.713,7,-5.252,1,0.401,0.0849,0,0.717,0.761,175.046,71
Catalina,NLE Choppa,Catalina,2022,180000,4,0.828,0.837,10,-3.963,0,0.0559,0.0295,0.002,0.147,0.821,116.955,61
Final Warning,NLE Choppa,Final Warning,2021,156894,4,0.847,0.912,11,-3.129,1,0.257,0.0781,0,0.142,0.88,81.486,62
PISTOL PACCIN,NLE Choppa,Cottonwood 2 (Deluxe 2.0),2023,149449,4,0.831,0.793,1,-4.127,1,0.369,0.0195,0,0.259,0.833,144.967,75
Shotta Flow (feat. Blueface) - Remix,NLE Choppa,Cottonwood,2019,176631,4,0.893,0.514,2,-4.776,1,0.424,0.0245,0,0.142,0.555,120.077,72
Shotta Flow 6,NLE Choppa,Me vs. Me,2022,192147,4,0.859,0.596,11,-7.021,1,0.329,0.0194,0,0.0489,0.479,140.064,57
All My Love,Noah Kahan,Stick Season,2023,251510,4,0.666,0.665,2,-7.181,1,0.0534,0.309,0,0.0961,0.474,116.002,80
Call Your Mom,Noah Kahan,Stick Season (We'll All Be Here Forever),2023,278670,4,0.485,0.215,0,-12.124,1,0.0348,0.703,0.00000355,0.115,0.159,172.122,74
Dial Drunk (with Post Malone),Noah Kahan,Dial Drunk (with Post Malone),2023,213817,4,0.669,0.606,8,-7.193,1,0.0292,0.124,0,0.112,0.69,112.108,83
Forever,Noah Kahan,Stick Season (Forever),2023,268353,4,0.394,0.256,0,-10.944,1,0.036,0.765,0,0.116,0.215,94.367,77
Homesick,Noah Kahan,Stick Season,2023,194416,4,0.505,0.624,6,-6.526,1,0.0373,0.0253,0.0000106,0.314,0.413,170.076,73
New Perspective,Noah Kahan,Stick Season,2023,256871,4,0.693,0.524,5,-9.696,1,0.0407,0.267,0.00000183,0.0839,0.453,156.529,72
Northern Attitude,Noah Kahan,Northern Attitude,2023,267256,4,0.523,0.626,3,-8.214,1,0.047,0.119,0.0000329,0.107,0.323,121.291,58
Stick Season,Noah Kahan,Stick Season,2022,182346,4,0.664,0.5,9,-6.935,1,0.0651,0.799,0,0.0966,0.801,117.896,90
You’re Gonna Go Far,Noah Kahan,Stick Season (We'll All Be Here Forever),2023,286369,4,0.586,0.358,7,-9.761,1,0.0308,0.556,0,0.11,0.365,169.925,81
Break Up with Him,Old Dominion,Meat and Candy,2015,207733,4,0.617,0.632,8,-5.381,1,0.0371,0.0675,0,0.108,0.564,151.988,61
Everything to Lose,Old Dominion,Old Dominion,2022,190680,4,0.656,0.704,7,-4.906,1,0.0858,0.589,0,0.213,0.928,172.015,31
Hotel Key,Old Dominion,Happy Endings,2018,166573,4,0.758,0.867,11,-5.087,1,0.0475,0.152,0,0.308,0.964,102.018,68
Make It Sweet,Old Dominion,Old Dominion,2019,187000,4,0.424,0.837,7,-4.453,1,0.0472,0.0373,0,0.0665,0.554,180.175,59
No Such Thing as a Broken Heart,Old Dominion,Happy Endings,2017,176893,4,0.651,0.782,8,-4.295,1,0.0718,0.295,0,0.107,0.945,171.987,60
One Man Band,Old Dominion,Old Dominion,2019,186240,4,0.706,0.358,6,-8.331,1,0.0347,0.677,0,0.107,0.478,75.991,80
Smooth Sailing,Old Dominion,Old Dominion,2022,215080,4,0.334,0.738,7,-5.28,1,0.0437,0.0058,0,0.115,0.49,143.985,36
Snapback,Old Dominion,Meat and Candy,2014,206506,4,0.687,0.793,5,-3.577,1,0.0333,0.302,0.00000346,0.1,0.673,100.993,63
Song for Another Time,Old Dominion,Meat and Candy,2016,191826,4,0.498,0.804,11,-3.995,1,0.0332,0.125,0,0.167,0.697,166.054,60
Written in the Sand,Old Dominion,Happy Endings,2017,184080,4,0.725,0.438,6,-9.602,1,0.0575,0.593,0,0.0842,0.76,83.984,63
Aint Gotta Dollar,Oliver Anthony Music,Aint Gotta Dollar,2023,124608,4,0.703,0.0859,10,-15.608,1,0.0364,0.825,0.00000291,0.0754,0.343,110.028,62
I Want to go Home,Oliver Anthony Music,I Want to go Home,2023,170971,4,0.692,0.0436,8,-13.093,1,0.0717,0.943,0,0.114,0.197,104.891,60
Long Gone,Oliver Anthony Music,Long Gone,2023,142186,4,0.748,0.176,4,-11.1,1,0.0514,0.799,0,0.201,0.426,95.397,46
Rich Men North of Richmond,Oliver Anthony Music,Rich Men North of Richmond,2023,187244,4,0.678,0.264,10,-12.384,1,0.0622,0.753,0,0.302,0.528,121.722,76
"1 step forward, 3 steps back",Olivia Rodrigo,SOUR,2021,163586,4,0.473,0.203,2,-12.627,1,0.102,0.941,0,0.126,0.419,168.884,77
brutal,Olivia Rodrigo,SOUR,2021,143746,4,0.672,0.526,4,-6.446,1,0.0599,0.0311,0.00000137,0.28,0.28,123.999,77
deja vu,Olivia Rodrigo,SOUR,2021,215506,4,0.442,0.612,2,-7.222,1,0.112,0.584,0.0000057,0.37,0.178,180.917,84
drivers license,Olivia Rodrigo,SOUR,2021,242013,4,0.561,0.431,10,-8.81,1,0.0578,0.768,0.0000142,0.106,0.137,143.875,83
enough for you,Olivia Rodrigo,SOUR,2021,202826,4,0.638,0.259,7,-10.706,1,0.0898,0.753,0,0.219,0.269,88.485,75
favorite crime,Olivia Rodrigo,SOUR,2021,152666,4,0.369,0.272,9,-10.497,1,0.0364,0.866,0,0.147,0.218,172.929,83
good 4 u,Olivia Rodrigo,SOUR,2021,178146,4,0.563,0.664,9,-5.044,1,0.154,0.335,0,0.0849,0.688,166.928,83
happier,Olivia Rodrigo,SOUR,2021,175933,3,0.395,0.443,6,-9.72,1,0.133,0.765,0.00000967,0.0839,0.338,168.924,82
"jealousy, jealousy",Olivia Rodrigo,SOUR,2021,173160,4,0.695,0.575,10,-6.334,0,0.116,0.198,0,0.0614,0.699,163.929,82
traitor,Olivia Rodrigo,SOUR,2021,229226,4,0.38,0.339,3,-7.885,1,0.0338,0.691,0,0.12,0.0849,100.607,84
Burn It Down,Parker McCollum,Never Enough,2022,233869,4,0.461,0.718,2,-5.627,1,0.0666,0.139,0.0000166,0.0968,0.334,162.187,67
Handle On You,Parker McCollum,Never Enough,2023,219967,4,0.591,0.928,6,-3.925,1,0.0316,0.00441,0,0.291,0.619,105.025,67
Hell of a Year,Parker McCollum,Probably Wrong,2022,232653,4,0.655,0.482,0,-8.453,0,0.0305,0.411,0.00000146,0.114,0.191,98.013,68
I Ain't Going Nowhere,Parker McCollum,I Ain't Going Nowhere,2023,204489,4,0.562,0.691,4,-4.702,1,0.0328,0.00265,0.00000191,0.105,0.483,128.059,40
Like A Cowboy,Parker McCollum,Like A Cowboy,2022,226437,3,0.483,0.443,4,-6.791,1,0.034,0.611,0.00000246,0.0981,0.215,125.017,56
Love You Like That,Parker McCollum,Hollywood Gold,2022,205173,4,0.534,0.774,7,-6.058,1,0.0284,0.0135,0.00000278,0.103,0.435,149.961,41
Pretty Heart,Parker McCollum,Pretty Heart,2020,244797,4,0.562,0.683,7,-4.427,1,0.0296,0.00531,0,0.107,0.384,132,58
El Belicon,Peso Pluma,El Belicón,2023,214397,3,0.409,0.713,8,-6.713,1,0.03,0.434,0.000719,0.206,0.725,97.029,67
Por Las Noches,Peso Pluma,Por Las Noches,2023,238888,3,0.69,0.597,9,-7.494,0,0.0395,0.311,0.0000418,0.0727,0.453,185.084,74
PRC,Peso Pluma,PRC,2023,184066,3,0.784,0.826,7,-6.34,0,0.0538,0.0965,0.0000709,0.123,0.893,138.078,73
ROSA PASTEL,Peso Pluma,GÉNESIS,2023,204253,3,0.702,0.68,7,-5.451,0,0.0373,0.24,0,0.111,0.86,122.895,69
VINO TINTO,Peso Pluma,ÉXODO,2023,245997,3,0.664,0.769,4,-5.056,1,0.184,0.406,0,0.17,0.542,134.97,81
Break It Off,PinkPantheress,Break It Off,2023,95317,4,0.544,0.888,6,-5.003,0,0.116,0.00311,0.0000078,0.076,0.746,171.69,62
Do You Miss Me?,PinkPantheress,Do you miss me?,2023,128853,4,0.647,0.871,11,-7.144,0,0.0936,0.0976,0.000534,0.173,0.643,129.928,56
I Must Apologise,PinkPantheress,to hell with it,2023,108373,4,0.616,0.856,9,-6.098,1,0.0457,0.516,0.0652,0.245,0.75,157.109,72
Just for Me,PinkPantheress,to hell with it,2022,116213,4,0.804,0.609,0,-7.848,1,0.0633,0.68,0.00253,0.261,0.713,133.043,64
Noticed I Cried,PinkPantheress,to hell with it,2023,82226,4,0.499,0.856,11,-5.705,1,0.061,0.0544,0.131,0.0734,0.394,163.956,54
Pain,PinkPantheress,to hell with it,2023,98544,4,0.829,0.617,1,-8.497,1,0.14,0.227,0.00306,0.0618,0.81,125.605,83
Turn it up,PinkPantheress,Turn it up,2023,147020,4,0.771,0.565,7,-9.407,1,0.0299,0.672,0.000112,0.195,0.444,132.339,71
Where You Are (feat. WILLOW),PinkPantheress,Where you are (feat. WILLOW),2023,153706,4,0.689,0.872,0,-4.786,1,0.0477,0.0965,0.000498,0.117,0.362,134.994,55
Call On Me,RAYE,Call On Me,2023,194880,4,0.582,0.889,0,-4.386,1,0.0491,0.021,0,0.687,0.438,121.977,45
Confidence,RAYE,Side Tape,2023,170666,4,0.635,0.785,8,-4.421,0,0.25,0.442,0,0.0935,0.809,102.742,44
Escapism.,RAYE,My 21st Century Blues,2023,272373,4,0.538,0.742,2,-5.355,1,0.114,0.138,0.0000467,0.0934,0.25,96.107,78
Love Me Again,RAYE,Euphoric Sad Songs,2023,198973,4,0.725,0.511,5,-6.472,1,0.046,0.275,0,0.0762,0.489,110.063,34
Natalie Don't,RAYE,Natalie Don’t,2023,194346,4,0.807,0.533,9,-4.899,0,0.0443,0.176,0,0.284,0.853,124.006,51
Regardless,RAYE,Euphoric Sad Songs,2023,197573,4,0.749,0.82,7,-6.114,1,0.0478,0.0205,0.000685,0.0775,0.534,120.066,56
Bad Commando,Rema,Bad Commando,2023,105002,4,0.627,0.512,1,-7.401,0,0.123,0.584,0,0.128,0.57,95.334,45
Bounce,Rema,Bounce,2022,187782,4,0.463,0.847,11,-6.776,0,0.0511,0.0307,0,0.117,0.625,114.962,57
Calm Down,Rema,Calm Down,2022,219813,4,0.811,0.781,11,-6.333,1,0.0428,0.376,0.001,0.121,0.824,107.007,73
Dumebi,Rema,Rema,2019,179775,4,0.923,0.657,3,-5.173,0,0.0605,0.199,0.00407,0.108,0.734,110.015,65
Ginger Me,Rema,Ginger Me,2023,205892,5,0.567,0.577,8,-7.833,0,0.134,0.134,0.000397,0.145,0.719,200.008,49
Iron Man,Rema,Rema,2023,201693,4,0.759,0.564,11,-3.584,0,0.0502,0.589,0.0357,0.0899,0.519,99.966,48
Lady,Rema,Bad Commando,2023,213375,4,0.889,0.798,0,-6.62,1,0.256,0.0245,0,0.0671,0.594,119.969,42
Soundgasm,Rema,Soundgasm,2022,204755,4,0.805,0.525,6,-7.376,0,0.0638,0.119,0.00203,0.0779,0.693,100.033,63
YAYO,Rema,HEIS,2022,150760,4,0.732,0.747,10,-4.58,1,0.0424,0.0206,0,0.15,0.506,117.993,72
Diamonds,Rihanna,Unapologetic (Edited Version),2012,225146,4,0.562,0.709,11,-4.92,0,0.0424,0.00124,0,0.109,0.401,91.958,71
Don't Stop The Music,Rihanna,Good Girl Gone Bad,2007,267080,4,0.834,0.669,6,-5.582,0,0.0637,0.0341,0.0000718,0.0535,0.547,122.669,71
Only Girl (In The World),Rihanna,Loud (Japan Version),2010,235493,4,0.789,0.706,11,-4.233,0,0.0429,0.112,0.0000171,0.0586,0.638,125.918,84
Rude Boy,Rihanna,Rated R,2009,222920,4,0.563,0.75,11,-4.496,1,0.127,0.113,0,0.0788,0.812,173.909,77
Stay,Rihanna,Unapologetic (Deluxe),2013,240706,4,0.621,0.31,9,-10.164,0,0.0283,0.945,0.0000612,0.117,0.125,111.881,65
Take A Bow,Rihanna,Good Girl Gone Bad: Reloaded,2008,229413,4,0.518,0.467,9,-7.536,1,0.162,0.248,0,0.0941,0.559,79.965,74
Umbrella,Rihanna,Good Girl Gone Bad: Reloaded,2007,275986,4,0.585,0.828,1,-4.603,1,0.124,0.00906,0,0.0426,0.584,174.034,82
We Found Love,Rihanna,Talk That Talk,2011,215226,4,0.735,0.766,1,-4.485,1,0.0384,0.025,0.00141,0.108,0.6,127.975,84
Where Have You Been,Rihanna,Talk That Talk,2012,242680,4,0.719,0.847,0,-6.34,0,0.0919,0.00201,0.0204,0.221,0.443,127.96,73
Work,Rihanna,ANTI (Deluxe),2016,219320,4,0.723,0.534,11,-6.238,1,0.0891,0.0747,0,0.0919,0.551,91.974,78
Cuban Links (feat. Kevin Gates),Rod Wave,Ghetto Gospel,2023,192182,4,0.694,0.652,5,-8.751,1,0.296,0.248,0,0.0293,0.759,87.966,57
Great Gatsby,Rod Wave,Nostalgia,2022,146751,4,0.678,0.567,1,-8.927,0,0.101,0.0454,0.0000088,0.41,0.154,156.975,69
Heart On Ice,Rod Wave,PTSD,2020,159669,3,0.732,0.387,10,-8.47,0,0.0741,0.0493,0,0.141,0.242,157.875,68
Rags2Riches 2 (feat. Lil Baby),Rod Wave,Pray 4 Love - Deluxe,2021,235987,4,0.874,0.443,5,-9.628,0,0.241,0.147,0,0.124,0.298,118.004,66
Street Runner,Rod Wave,SoulFly,2021,252021,4,0.599,0.61,5,-8.633,0,0.24,0.213,0.000414,0.151,0.434,159.933,69
Tombstone,Rod Wave,SoulFly,2021,160078,4,0.55,0.637,8,-5.212,1,0.163,0.597,0,0.129,0.535,84.448,68
Almost Love,Sabrina Carpenter,Singular Act I,2022,212360,4,0.81,0.759,9,-3.029,0,0.0376,0.111,0.00000473,0.0919,0.615,104.993,56
Espresso,Sabrina Carpenter,Espresso,2023,175459,4,0.701,0.76,0,-5.478,1,0.0285,0.107,0.0000654,0.185,0.69,103.969,98
Nonsense,Sabrina Carpenter,emails i can't send,2022,163648,4,0.74,0.697,8,-4.912,1,0.034,0.0268,0,0.224,0.732,138.992,88
Please Please Please,Sabrina Carpenter,Please Please Please,2022,186365,4,0.669,0.586,9,-6.073,1,0.054,0.274,0,0.104,0.579,107.071,97
Skin,Sabrina Carpenter,Skin,2022,177500,4,0.557,0.457,7,-5.372,1,0.0335,0.428,0,0.0567,0.328,105.918,68
Sue Me,Sabrina Carpenter,Singular Act I,2023,179226,4,0.46,0.809,6,-5.415,1,0.326,0.0422,0.0000504,0.138,0.609,157.184,71
Why,Sabrina Carpenter,Why,2023,171096,4,0.633,0.557,11,-4.917,0,0.203,0.169,0,0.0671,0.623,89.672,63
Dancing With A Stranger (with Normani),Sam Smith,Love Goes,2019,171029,4,0.741,0.52,8,-7.513,1,0.0656,0.447,0.00000197,0.222,0.347,102.998,76
How Do You Sleep?,Sam Smith,How Do You Sleep?,2019,202204,4,0.561,0.682,1,-4.931,0,0.0856,0.153,0,0.0763,0.359,165.944,67
I'm Not The Only One,Sam Smith,In The Lonely Hour,2014,239316,4,0.678,0.484,5,-5.795,1,0.0361,0.529,0.0000201,0.0766,0.493,82.004,83
Lay Me Down,Sam Smith,In The Lonely Hour,2015,253208,4,0.418,0.332,4,-9.482,1,0.0492,0.771,0.0000201,0.109,0.171,119.164,70
Money On My Mind,Sam Smith,In The Lonely Hour,2014,192670,4,0.67,0.841,2,-5.217,1,0.18,0.204,0.000294,0.229,0.742,133.918,65
Pray,Sam Smith,The Thrill Of It All - Special Edition,2017,221595,3,0.539,0.383,4,-9.461,0,0.0424,0.283,0.0000118,0.0865,0.153,88.051,61
Stay With Me,Sam Smith,In The Lonely Hour,2014,172723,4,0.413,0.42,0,-6.444,1,0.0416,0.588,0.0000639,0.11,0.185,84.126,83
Too Good At Goodbyes,Sam Smith,The Thrill Of It All - Special Edition,2017,201000,4,0.715,0.372,5,-8.237,1,0.0443,0.638,0,0.169,0.474,91.931,83
Unholy (feat. Kim Petras),Sam Smith,Unholy (feat. Kim Petras),2022,156943,4,0.719,0.454,2,-7.384,1,0.0707,0.0138,0.00000483,0.318,0.224,131.007,78
"Writing's On The Wall - From ""Spectre"" Soundtrack",Sam Smith,Writing's On The Wall,2015,278987,3,0.261,0.302,5,-8.19,0,0.0339,0.769,0.00000257,0.0863,0.0883,81.418,63
Back To You - From 13 Reasons Why – Season 2 Soundtrack,Selena Gomez,Back To You (From 13 Reasons Why – Season 2 Soundtrack),2018,207904,4,0.6,0.725,6,-4.866,1,0.0487,0.0933,0.00000187,0.12,0.506,102.056,70
Bad Liar,Selena Gomez,Bad Liar,2017,214647,4,0.965,0.414,1,-6.408,1,0.0712,0.189,0,0.0767,0.729,121.032,64
Come & Get It,Selena Gomez,Stars Dance (Bonus Track Version),2013,231986,4,0.545,0.787,7,-4.095,0,0.0521,0.00999,0.000201,0.0809,0.574,80.158,69
Good For You,Selena Gomez,Revival (Deluxe),2015,221280,4,0.609,0.674,5,-6.484,0,0.0502,0.179,0,0.069,0.228,88.945,62
Hands To Myself,Selena Gomez,Revival (Deluxe),2016,200680,4,0.811,0.507,5,-7.161,0,0.117,0.0146,0.00000214,0.342,0.438,111.016,63
Lose You To Love Me,Selena Gomez,Rare,2019,206458,4,0.516,0.342,4,-8.985,1,0.0425,0.55,0,0.21,0.0993,102.819,76
Rare,Selena Gomez,Rare,2020,220589,4,0.838,0.541,5,-6.746,1,0.0708,0.207,0.0000797,0.103,0.637,114.996,58
The Heart Wants What It Wants,Selena Gomez,The Heart Wants What It Wants,2014,227373,4,0.616,0.789,7,-4.874,0,0.0377,0.053,0,0.142,0.621,83.066,69
Wolves,Selena Gomez,Wolves,2017,197993,4,0.725,0.804,11,-4.614,0,0.0422,0.124,0,0.204,0.31,124.996,76
Can't Remember to Forget You (feat. Rihanna),Shakira,Shakira. (Expanded Edition) [Spanish Version],2014,206866,4,0.694,0.81,11,-3.556,0,0.0661,0.122,0,0.141,0.824,137.968,74
Empire,Shakira,Shakira. (Expanded Edition),2014,239333,4,0.541,0.628,0,-4.682,0,0.0603,0.733,0,0.056,0.364,80.027,45
Hips Don't Lie (feat. Wyclef Jean),Shakira,"Oral Fixation, Vol. 2 (Expanded Edition)",2006,218093,4,0.778,0.824,10,-5.892,0,0.0707,0.284,0,0.405,0.758,100.024,87
La Tortura (feat. Alejandro Sanz),Shakira,"Fijación Oral, Vol. 1",2005,212893,4,0.74,0.783,0,-5.367,1,0.0427,0.0297,0.000308,0.123,0.812,100.011,75
Loca (feat. El Cata),Shakira,Sale el Sol,2010,183693,4,0.8,0.692,9,-5.57,0,0.0614,0.342,0.00000192,0.0554,0.917,112.002,69
She Wolf,Shakira,She Wolf (Expanded Edition),2009,188866,4,0.865,0.69,7,-7.448,1,0.0443,0.285,0.0162,0.225,0.867,121.983,70
Underneath Your Clothes,Shakira,Laundry Service,2002,224066,4,0.616,0.597,8,-5.328,1,0.0415,0.691,0,0.104,0.362,165.508,60
Waka Waka,Shakira,Summer Classics,2010,202466,4,0.764,0.887,11,-6.088,0,0.176,0.00987,0,0.0585,0.816,126.974,74
"Whenever, Wherever",Shakira,Laundry Service,2001,196160,4,0.794,0.832,1,-4.862,0,0.0407,0.237,0.0000114,0.203,0.871,107.657,76
Evangeline,Stephen Sanchez,Angel Face,2022,177677,4,0.445,0.549,3,-7.134,1,0.0307,0.0703,0,0.176,0.218,109.25,66
Hey Girl,Stephen Sanchez,Easy On My Eyes,2022,185906,4,0.389,0.505,6,-7.777,0,0.037,0.538,0.00403,0.216,0.244,121.775,62
High,Stephen Sanchez,Angel Face,2023,161567,4,0.432,0.714,6,-7.933,0,0.0384,0.0876,0.000788,0.27,0.322,176.009,75
Until I Found You,Stephen Sanchez,Until I Found You,2021,177720,3,0.539,0.508,10,-6.05,1,0.0288,0.727,0,0.174,0.227,101.358,78
Bad Habit,Steve Lacy,Gemini Rights,2022,232066,4,0.686,0.494,1,-7.093,1,0.0355,0.613,0.000058,0.402,0.7,168.946,82
C U Girl,Steve Lacy,C U Girl,2022,129697,4,0.414,0.473,11,-8.911,0,0.116,0.663,0.0523,0.128,0.409,100,81
Dark Red,Steve Lacy,Dark Red,2017,173104,4,0.603,0.784,6,-4.023,1,0.062,0.446,0.00000832,0.119,0.769,172.041,86
Hate CD,Steve Lacy,Apollo XXI,2022,160182,4,0.824,0.716,0,-7.089,1,0.0526,0.000916,0.0148,0.299,0.771,107.997,49
N Side,Steve Lacy,Apollo XXI,2022,224444,4,0.838,0.535,11,-6.303,0,0.0432,0.0714,0.000302,0.208,0.894,119.946,70
Playground,Steve Lacy,Apollo XXI,2022,213797,4,0.482,0.788,7,-6.307,1,0.0432,0.115,0.00374,0.344,0.85,191.772,54
Ryd,Steve Lacy,Steve Lacy's Demo,2022,140182,4,0.788,0.939,9,-7.327,0,0.0544,0.0723,0.000181,0.133,0.98,137.002,68
Some,Steve Lacy,Some,2022,118393,4,0.784,0.554,7,-6.417,1,0.03,0.00548,0.254,0.0995,0.634,104.01,82
Broken Clocks,SZA,Ctrl,2017,231253,4,0.692,0.684,6,-7.364,1,0.155,0.131,0,0.156,0.406,112.912,82
Garden (Say It Like Dat),SZA,Ctrl,2017,208400,4,0.73,0.457,9,-7.26,1,0.283,0.0705,0,0.124,0.549,111.352,68
Good Days,SZA,Good Days,2020,279204,4,0.436,0.655,1,-8.37,0,0.0583,0.499,0.0000081,0.688,0.412,121.002,76
Hit Different,SZA,Hit Different,2020,202007,4,0.679,0.516,0,-6.371,0,0.0452,0.199,0,0.0965,0.716,120.074,68
I Hate U,SZA,SOS,2021,173906,5,0.533,0.417,7,-8.665,0,0.148,0.514,0,0.114,0.376,106.534,70
Kill Bill,SZA,SOS,2023,153946,4,0.644,0.728,8,-5.75,1,0.0351,0.0543,0.169,0.161,0.43,88.993,79
Love Galore (feat. Travis Scott),SZA,Ctrl,2017,275080,4,0.795,0.594,0,-6.2,1,0.0748,0.112,0,0.162,0.409,135.002,76
Snooze,SZA,SOS,2023,201800,4,0.559,0.551,5,-7.231,1,0.132,0.141,0,0.11,0.392,143.008,87
The Weekend,SZA,Ctrl,2017,272186,3,0.4,0.366,8,-9.405,0,0.0597,0.242,0,0.126,0.161,73.313,74
All Too Well (10 Minute Version) (Taylor's Version) (From The Vault),Taylor Swift,Red (Taylor's Version),2021,613026,4,0.631,0.518,0,-8.771,1,0.0303,0.274,0,0.088,0.205,93.023,80
Anti-Hero,Taylor Swift,Midnights,2022,200690,4,0.633,0.648,4,-6.645,1,0.062,0.121,0.00000262,0.161,0.49,96.888,84
Bad Blood,Taylor Swift,1989,2015,211933,4,0.65,0.802,7,-6.114,1,0.181,0.0871,0.00000654,0.148,0.295,170.146,63
Blank Space,Taylor Swift,1989,2014,231826,4,0.753,0.678,5,-5.421,1,0.0644,0.085,0.00000164,0.13,0.583,96.006,70
cardigan,Taylor Swift,folklore,2020,239560,4,0.613,0.581,0,-8.588,0,0.0424,0.537,0.000345,0.25,0.551,130.033,85
Delicate,Taylor Swift,reputation,2018,232253,4,0.75,0.404,9,-10.178,0,0.0682,0.216,0.000357,0.0911,0.0499,95.045,81
Love Story,Taylor Swift,Fearless,2008,235266,4,0.618,0.741,2,-3.95,1,0.031,0.17,0,0.0822,0.296,118.984,65
Shake It Off,Taylor Swift,1989,2014,219200,4,0.647,0.785,7,-5.414,1,0.165,0.0561,0,0.148,0.943,160.015,70
willow,Taylor Swift,evermore,2020,214706,4,0.392,0.574,7,-9.195,1,0.17,0.833,0.00179,0.145,0.529,81.112,76
You Belong With Me (Taylor’s Version),Taylor Swift,Fearless (Taylor's Version),2021,231124,4,0.632,0.773,6,-4.856,1,0.0346,0.0623,0,0.0885,0.474,130.033,81
After Hours,The Weeknd,After Hours,2020,361026,4,0.658,0.572,5,-6.099,0,0.0308,0.0811,0.0061,0.121,0.144,108.968,80
Blinding Lights,The Weeknd,After Hours,2019,200040,4,0.513,0.73,1,-5.94,1,0.0598,0.00143,0.0000954,0.0897,0.334,171.001,89
Can't Feel My Face,The Weeknd,Beauty Behind The Madness,2015,213520,4,0.705,0.769,9,-5.526,0,0.0425,0.113,0,0.105,0.583,107.949,81
Earned It (Fifty Shades Of Grey),The Weeknd,Beauty Behind The Madness,2015,277680,3,0.657,0.291,2,-8.275,0,0.0348,0.405,0,0.0771,0.405,119.782,72
Heartless,The Weeknd,After Hours,2019,198266,4,0.537,0.746,10,-5.507,0,0.15,0.0236,0.000001,0.156,0.252,170.083,77
In The Night,The Weeknd,Beauty Behind The Madness,2015,235653,3,0.505,0.68,7,-4.993,1,0.0714,0.0796,0,0.0465,0.539,168.022,72
Save Your Tears,The Weeknd,After Hours,2020,215626,4,0.679,0.825,0,-5.487,1,0.0309,0.0212,0.0000121,0.543,0.644,118.049,85
Starboy,The Weeknd,Starboy,2016,230453,4,0.679,0.587,7,-7.015,1,0.276,0.141,0.00000635,0.137,0.486,186.003,88
The Hills,The Weeknd,Beauty Behind The Madness,2015,242253,4,0.585,0.564,0,-7.063,0,0.0515,0.0671,0,0.135,0.137,113.003,85
back together,Toosii,Thank You For Believing,2023,192091,4,0.539,0.354,7,-11.112,1,0.447,0.37,0,0.126,0.214,170.094,32
Favorite Song,Toosii,NAUJOUR,2022,204000,4,0.814,0.38,2,-9.34,1,0.0494,0.274,0,0.098,0.434,116.029,66
Favorite Song (feat. Future) [Toxic Version],Toosii,Favorite Song (feat. Future) [Toxic Version],2022,208621,4,0.82,0.386,2,-8.508,1,0.0598,0.334,0,0.0991,0.381,116.014,48
Fuk You Mean,Toosii,Fuk You Mean,2022,176363,4,0.708,0.44,3,-10.852,0,0.0884,0.615,0,0.151,0.421,131.805,62
Love Cycle (with Summer Walker),Toosii,Poetic Pain,2021,215405,4,0.774,0.451,6,-8.942,0,0.239,0.0533,0,0.078,0.429,126.955,48
Poetic Pain,Toosii,Poetic Pain,2020,205657,4,0.785,0.632,8,-6.448,0,0.234,0.0312,0,0.11,0.334,73.534,44
Red Lights,Toosii,Platinum Heart,2023,153569,4,0.611,0.693,8,-6.363,1,0.256,0.0049,0,0.0962,0.447,150.918,38
Shake the Frost (Live),Tyler Childers,Live on Red Barn Radio I & II,2020,175120,4,0.447,0.341,2,-9.769,1,0.0457,0.806,0.00000205,0.686,0.371,138.969,78
35’s,Tyler Hubbard,Tyler Hubbard,2023,174733,4,0.529,0.789,10,-5.511,1,0.0576,0.00398,0,0.291,0.453,139.853,49
5 Foot 9,Tyler Hubbard,5 Foot 9,2023,189780,4,0.602,0.796,5,-5.609,1,0.0465,0.146,0,0.125,0.53,106.005,67
Dancin’ In The Country,Tyler Hubbard,Tyler Hubbard,2023,179640,4,0.657,0.871,7,-4.614,1,0.0675,0.0031,0,0.102,0.532,114.974,72
Bandolero,Yng Lvcas,Six Jewels 23,2023,190243,4,0.8,0.503,10,-8.064,0,0.0612,0.054,0.000648,0.125,0.497,82.025,26
Esa Nena,Yng Lvcas,Esa Nena,2023,197647,4,0.808,0.571,0,-5.161,0,0.0656,0.345,0.00000448,0.0844,0.62,170.037,47
La Bebe,Yng Lvcas,LPM,2022,223992,4,0.775,0.465,7,-8.365,0,0.365,0.609,0.0000323,0.114,0.707,169.781,68
La Bebe - Remix,Yng Lvcas,La Bebe (Remix),2022,234352,4,0.812,0.479,2,-5.678,0,0.333,0.213,0.00000121,0.0756,0.559,169.922,84
Pégateme,Yng Lvcas,LPM,2023,153835,4,0.752,0.6,11,-9.687,0,0.0931,0.103,0.00551,0.0554,0.608,79.994,50
Perdonémonos,Yng Lvcas,Perdonémonos,2023,136421,4,0.887,0.589,5,-6.291,1,0.0602,0.107,0.00236,0.137,0.651,95.01,44
Perreo Porky,Yng Lvcas,Perreo Porky,2023,224842,4,0.887,0.598,6,-6.89,1,0.1,0.099,0.00179,0.101,0.768,95.01,54
VEN HDP,Yng Lvcas,Puerqueo EP,2023,154666,4,0.831,0.829,6,-5.887,1,0.0873,0.45,0.0014,0.0915,0.865,96.969,34
Chicken Fried,Zac Brown Band,The Foundation,2008,238146,4,0.566,0.713,6,-4.25,1,0.0418,0.645,0,0.114,0.805,169.861,78
Colder Weather,Zac Brown Band,You Get What You Give,2010,273893,4,0.667,0.381,3,-7.494,1,0.0294,0.455,0,0.116,0.199,135.975,69
Goodbye in Her Eyes,Zac Brown Band,Uncaged,2012,324266,4,0.411,0.558,3,-7.393,1,0.038,0.162,0.00000379,0.0879,0.379,81.274,54
Highway 20 Ride,Zac Brown Band,The Foundation,2008,229280,4,0.531,0.403,3,-7.195,1,0.0338,0.551,0.0000138,0.105,0.431,76.125,59
Homegrown,Zac Brown Band,JEKYLL + HYDE,2015,205000,4,0.712,0.807,6,-3.976,1,0.0297,0.0244,0.000122,0.0905,0.936,105.024,69
Jump Right In,Zac Brown Band,Uncaged,2013,180813,4,0.699,0.819,1,-5.111,1,0.058,0.0886,0,0.143,0.654,104.02,58
Knee Deep (feat. Jimmy Buffett),Zac Brown Band,You Get What You Give,2010,203173,4,0.715,0.584,8,-8.231,1,0.0296,0.432,0.00000141,0.095,0.609,90.99,75
Toes,Zac Brown Band,The Foundation,2008,262773,4,0.801,0.759,11,-5.398,1,0.0378,0.657,0,0.0897,0.821,129.971,73
Whatever It Is,Zac Brown Band,The Foundation,2009,208213,4,0.686,0.576,1,-6.633,1,0.0284,0.443,0.0000166,0.212,0.72,83.969,69
"Burn, Burn, Burn",Zach Bryan,"Burn, Burn, Burn",2022,268856,4,0.508,0.296,3,-10.513,1,0.0755,0.897,0.00005,0.11,0.134,82.532,82
Dawns (feat. Maggie Rogers),Zach Bryan,Dawns (feat. Maggie Rogers),2023,290892,4,0.447,0.441,0,-7.658,1,0.0456,0.874,0.0000436,0.188,0.286,122.811,78
God Speed,Zach Bryan,DeAnn,2022,253359,4,0.583,0.0819,0,-15.249,1,0.04,0.869,0,0.103,0.167,79.385,71
Heading South,Zach Bryan,Heading South,2020,171692,4,0.68,0.246,4,-14.112,1,0.058,0.783,0,0.106,0.388,110.23,86
I Remember Everything (feat. Kacey Musgraves),Zach Bryan,Zach Bryan,2022,227195,4,0.429,0.453,0,-7.746,1,0.0459,0.554,0.000002,0.102,0.155,77.639,89
If She Wants a Cowboy,Zach Bryan,American Heartbreak,2023,192293,4,0.553,0.823,7,-3.194,1,0.0689,0.0201,0,0.111,0.552,133.781,63
Letting Someone Go,Zach Bryan,DeAnn,2022,239761,4,0.543,0.117,0,-15.153,1,0.0389,0.811,0,0.147,0.395,83.607,65
Something in the Orange,Zach Bryan,Something in the Orange,2022,228013,3,0.369,0.192,4,-12.151,0,0.04,0.555,0.00000835,0.0954,0.148,175.212,87
Summertime Blues,Zach Bryan,Summertime Blues,2022,181239,4,0.552,0.411,1,-7.946,1,0.0434,0.794,0.0000035,0.248,0.501,78.095,67
